-- Cleanup existing seed data to allow local IDs to be inserted
DELETE FROM "UserRole";
DELETE FROM "User";
DELETE FROM "Role";
DELETE FROM "Currency";
DELETE FROM "AccountType";

--
-- PostgreSQL database dump
--


-- Dumped from database version 18.1
-- Dumped by pg_dump version 18.1

SET statement_timeout = 0;
SET lock_timeout = 0;
SET idle_in_transaction_session_timeout = 0;
SET client_encoding = 'UTF8';
SET standard_conforming_strings = on;
SELECT pg_catalog.set_config('search_path', '', false);
SET check_function_bodies = false;
SET xmloption = content;
SET client_min_messages = warning;

--
-- Data for Name: AccountType; Type: TABLE DATA; Schema: public; Owner: -
--

INSERT INTO public."AccountType" (id, name, type, "isActive") VALUES ('932e0d3c-47d8-4508-86fa-00c82d991af2', 'ASSET', 'DEBIT', true) ON CONFLICT DO NOTHING;
INSERT INTO public."AccountType" (id, name, type, "isActive") VALUES ('3dd87269-f563-4b53-b679-9ecf558728f8', 'LIABILITY', 'CREDIT', true) ON CONFLICT DO NOTHING;
INSERT INTO public."AccountType" (id, name, type, "isActive") VALUES ('527f84d6-ef0b-47d2-8239-08aa4d7becbe', 'EQUITY', 'CREDIT', true) ON CONFLICT DO NOTHING;
INSERT INTO public."AccountType" (id, name, type, "isActive") VALUES ('a17f7e13-cf60-48c2-bd8c-dd9ad2a768f4', 'INCOME', 'CREDIT', true) ON CONFLICT DO NOTHING;
INSERT INTO public."AccountType" (id, name, type, "isActive") VALUES ('7f560298-15f1-4775-92a2-6a0587f0f6af', 'EXPENSE', 'DEBIT', true) ON CONFLICT DO NOTHING;


--
-- Data for Name: Company; Type: TABLE DATA; Schema: public; Owner: -
--

INSERT INTO public."Company" (id, code, name, "logoUrl", address, city, country, phone, email, website, "baseCurrency", "isActive", "createdAt", "updatedAt") VALUES ('49ae783c-dbd2-48c1-9ed1-86990bbc49ea', 'DC-3297', 'Diagnostic Centre', '', 'H: 80, R: 6, S: 9, Uttara', 'Dhaka', 'Bangladesh', '', '', '', 'BDT', true, '2026-02-26 14:32:23.303', '2026-02-26 14:32:23.303') ON CONFLICT DO NOTHING;
INSERT INTO public."Company" (id, code, name, "logoUrl", address, city, country, phone, email, website, "baseCurrency", "isActive", "createdAt", "updatedAt") VALUES ('20119672-0d2c-4455-9a77-30f8770af1ea', 'DC-D2BE8783', 'Diagnostic Centre', '', 'H: 80, R: 6, S: 9, Uttara', 'Dhaka', 'Bangladesh', '', '', '', 'BDT', true, '2026-02-26 14:47:04.211', '2026-02-26 14:47:04.211') ON CONFLICT DO NOTHING;
INSERT INTO public."Company" (id, code, name, "logoUrl", address, city, country, phone, email, website, "baseCurrency", "isActive", "createdAt", "updatedAt") VALUES ('d9cfb90b-f225-4590-870b-0fb74dfaf5d5', 'G-4A893827', 'GAC', '', 'H: 80, R: 6, S: 9, Uttara', 'Dhaka', 'Bangladesh', '', '', '', 'BDT', true, '2026-02-26 15:59:56.489', '2026-02-26 15:59:56.489') ON CONFLICT DO NOTHING;
INSERT INTO public."Company" (id, code, name, "logoUrl", address, city, country, phone, email, website, "baseCurrency", "isActive", "createdAt", "updatedAt") VALUES ('844dfd16-f107-4ba1-aba3-48fde1f78865', 'TC001', 'Test Company', '/uploads/logos/1772839579229-249665120.webp', NULL, NULL, NULL, NULL, NULL, NULL, 'BDT', true, '2026-03-06 23:26:19.242', '2026-03-06 23:26:19.242') ON CONFLICT DO NOTHING;


--
-- Data for Name: Account; Type: TABLE DATA; Schema: public; Owner: -
--

INSERT INTO public."Account" (id, code, name, "companyId", "accountTypeId", "parentId", "isActive", "openingBalance", "currentBalance", "createdAt", "updatedAt", "cashFlowType", "allowNegative", category) VALUES ('29fa573e-40d1-44d8-9f18-51bb0b6d7ed2', 'G-4A893827-1100', 'Accounts Receivable', 'd9cfb90b-f225-4590-870b-0fb74dfaf5d5', '932e0d3c-47d8-4508-86fa-00c82d991af2', NULL, true, 0, 1000, '2026-02-26 15:59:56.536', '2026-02-26 16:11:25.301', NULL, false, 'AR') ON CONFLICT DO NOTHING;
INSERT INTO public."Account" (id, code, name, "companyId", "accountTypeId", "parentId", "isActive", "openingBalance", "currentBalance", "createdAt", "updatedAt", "cashFlowType", "allowNegative", category) VALUES ('c3367740-0169-49f8-90ea-90905dd4a79b', 'G-4A893827-2200', 'Accrued Expenses', 'd9cfb90b-f225-4590-870b-0fb74dfaf5d5', '3dd87269-f563-4b53-b679-9ecf558728f8', NULL, true, 0, 0, '2026-02-26 15:59:56.545', '2026-02-26 16:09:06.08', NULL, false, NULL) ON CONFLICT DO NOTHING;
INSERT INTO public."Account" (id, code, name, "companyId", "accountTypeId", "parentId", "isActive", "openingBalance", "currentBalance", "createdAt", "updatedAt", "cashFlowType", "allowNegative", category) VALUES ('19fd3b32-6eed-4068-bbc5-917afd22edba', 'G-4A893827-3100', 'Retained Earnings', 'd9cfb90b-f225-4590-870b-0fb74dfaf5d5', '527f84d6-ef0b-47d2-8239-08aa4d7becbe', NULL, true, 0, 0, '2026-02-26 15:59:56.548', '2026-02-26 16:09:06.085', NULL, false, NULL) ON CONFLICT DO NOTHING;
INSERT INTO public."Account" (id, code, name, "companyId", "accountTypeId", "parentId", "isActive", "openingBalance", "currentBalance", "createdAt", "updatedAt", "cashFlowType", "allowNegative", category) VALUES ('4f54de14-e2eb-4184-a539-4433213fddc2', 'G-4A893827-1010', 'Cash at Bank', 'd9cfb90b-f225-4590-870b-0fb74dfaf5d5', '932e0d3c-47d8-4508-86fa-00c82d991af2', NULL, true, 0, 125000, '2026-02-26 15:59:56.534', '2026-02-26 16:11:25.304', NULL, false, 'BANK') ON CONFLICT DO NOTHING;
INSERT INTO public."Account" (id, code, name, "companyId", "accountTypeId", "parentId", "isActive", "openingBalance", "currentBalance", "createdAt", "updatedAt", "cashFlowType", "allowNegative", category) VALUES ('775cfcce-df51-4a03-9b37-0624b28b9fd5', 'G-4A893827-1200', 'Inventory', 'd9cfb90b-f225-4590-870b-0fb74dfaf5d5', '932e0d3c-47d8-4508-86fa-00c82d991af2', NULL, true, 0, 0, '2026-02-26 15:59:56.538', '2026-02-26 16:09:06.072', NULL, false, NULL) ON CONFLICT DO NOTHING;
INSERT INTO public."Account" (id, code, name, "companyId", "accountTypeId", "parentId", "isActive", "openingBalance", "currentBalance", "createdAt", "updatedAt", "cashFlowType", "allowNegative", category) VALUES ('68dcce96-8d15-48ad-86dc-4530d06fa58f', 'G-4A893827-1500', 'Fixed Assets', 'd9cfb90b-f225-4590-870b-0fb74dfaf5d5', '932e0d3c-47d8-4508-86fa-00c82d991af2', NULL, true, 0, 0, '2026-02-26 15:59:56.54', '2026-02-26 16:09:06.074', NULL, false, NULL) ON CONFLICT DO NOTHING;
INSERT INTO public."Account" (id, code, name, "companyId", "accountTypeId", "parentId", "isActive", "openingBalance", "currentBalance", "createdAt", "updatedAt", "cashFlowType", "allowNegative", category) VALUES ('5db73f52-f32b-4024-98bf-c2797439994e', 'G-4A893827-2100', 'Notes Payable', 'd9cfb90b-f225-4590-870b-0fb74dfaf5d5', '3dd87269-f563-4b53-b679-9ecf558728f8', NULL, true, 0, 0, '2026-02-26 15:59:56.544', '2026-02-26 16:09:06.078', NULL, false, NULL) ON CONFLICT DO NOTHING;
INSERT INTO public."Account" (id, code, name, "companyId", "accountTypeId", "parentId", "isActive", "openingBalance", "currentBalance", "createdAt", "updatedAt", "cashFlowType", "allowNegative", category) VALUES ('42cd216f-9a9d-4635-a707-61bce07ff476', 'G-4A893827-4100', 'Service Revenue', 'd9cfb90b-f225-4590-870b-0fb74dfaf5d5', 'a17f7e13-cf60-48c2-bd8c-dd9ad2a768f4', NULL, true, 0, 0, '2026-02-26 15:59:56.551', '2026-02-26 16:09:06.089', NULL, false, NULL) ON CONFLICT DO NOTHING;
INSERT INTO public."Account" (id, code, name, "companyId", "accountTypeId", "parentId", "isActive", "openingBalance", "currentBalance", "createdAt", "updatedAt", "cashFlowType", "allowNegative", category) VALUES ('c4d1e285-eb7d-4ca8-9ac6-6597d8dbaf6e', 'G-4A893827-4200', 'Other Income', 'd9cfb90b-f225-4590-870b-0fb74dfaf5d5', 'a17f7e13-cf60-48c2-bd8c-dd9ad2a768f4', NULL, true, 0, 0, '2026-02-26 15:59:56.553', '2026-02-26 16:09:06.091', NULL, false, NULL) ON CONFLICT DO NOTHING;
INSERT INTO public."Account" (id, code, name, "companyId", "accountTypeId", "parentId", "isActive", "openingBalance", "currentBalance", "createdAt", "updatedAt", "cashFlowType", "allowNegative", category) VALUES ('ab63de84-8574-4726-8620-86d8810ba42b', 'G-4A893827-4000', 'Sales Revenue', 'd9cfb90b-f225-4590-870b-0fb74dfaf5d5', 'a17f7e13-cf60-48c2-bd8c-dd9ad2a768f4', NULL, true, 0, 10000, '2026-02-26 15:59:56.55', '2026-02-26 16:11:25.305', NULL, false, NULL) ON CONFLICT DO NOTHING;
INSERT INTO public."Account" (id, code, name, "companyId", "accountTypeId", "parentId", "isActive", "openingBalance", "currentBalance", "createdAt", "updatedAt", "cashFlowType", "allowNegative", category) VALUES ('5eb3fd21-446f-4041-b1b6-e74c15563f2d', 'G-4A893827-1000', 'Cash in Hand', 'd9cfb90b-f225-4590-870b-0fb74dfaf5d5', '932e0d3c-47d8-4508-86fa-00c82d991af2', NULL, true, 0, 83600, '2026-02-26 15:59:56.531', '2026-02-26 16:13:14.125', 'NONE', false, 'CASH') ON CONFLICT DO NOTHING;
INSERT INTO public."Account" (id, code, name, "companyId", "accountTypeId", "parentId", "isActive", "openingBalance", "currentBalance", "createdAt", "updatedAt", "cashFlowType", "allowNegative", category) VALUES ('494cabf2-2e89-47d2-8eb6-76977f35fb43', 'G-4A893827-2000', 'Accounts Payable', 'd9cfb90b-f225-4590-870b-0fb74dfaf5d5', '3dd87269-f563-4b53-b679-9ecf558728f8', NULL, true, 0, 600, '2026-02-26 15:59:56.542', '2026-02-26 16:13:14.126', NULL, false, 'AP') ON CONFLICT DO NOTHING;
INSERT INTO public."Account" (id, code, name, "companyId", "accountTypeId", "parentId", "isActive", "openingBalance", "currentBalance", "createdAt", "updatedAt", "cashFlowType", "allowNegative", category) VALUES ('ef129bd0-1b75-44b4-a84e-be3e20b85ce4', 'G-4A893827-3000', 'Owner''s Capital', 'd9cfb90b-f225-4590-870b-0fb74dfaf5d5', '527f84d6-ef0b-47d2-8239-08aa4d7becbe', NULL, true, 0, 200000, '2026-02-26 15:59:56.547', '2026-02-26 16:15:01.663', 'NONE', false, NULL) ON CONFLICT DO NOTHING;
INSERT INTO public."Account" (id, code, name, "companyId", "accountTypeId", "parentId", "isActive", "openingBalance", "currentBalance", "createdAt", "updatedAt", "cashFlowType", "allowNegative", category) VALUES ('1a4192eb-2c51-4987-892b-99eab9ceaf2d', 'G-4A893827-5000', 'Cost of Goods Sold', 'd9cfb90b-f225-4590-870b-0fb74dfaf5d5', '7f560298-15f1-4775-92a2-6a0587f0f6af', NULL, true, 0, 0, '2026-02-26 15:59:56.554', '2026-02-26 16:09:06.092', NULL, false, NULL) ON CONFLICT DO NOTHING;
INSERT INTO public."Account" (id, code, name, "companyId", "accountTypeId", "parentId", "isActive", "openingBalance", "currentBalance", "createdAt", "updatedAt", "cashFlowType", "allowNegative", category) VALUES ('c7e0d70e-18c3-4a89-850b-62b4a8696cda', 'G-4A893827-5100', 'Salaries & Wages', 'd9cfb90b-f225-4590-870b-0fb74dfaf5d5', '7f560298-15f1-4775-92a2-6a0587f0f6af', NULL, true, 0, 0, '2026-02-26 15:59:56.556', '2026-02-26 16:09:06.1', NULL, false, NULL) ON CONFLICT DO NOTHING;
INSERT INTO public."Account" (id, code, name, "companyId", "accountTypeId", "parentId", "isActive", "openingBalance", "currentBalance", "createdAt", "updatedAt", "cashFlowType", "allowNegative", category) VALUES ('ce0e8216-afed-4c11-a120-0c905b5fa0e6', 'G-4A893827-5300', 'Utilities Expense', 'd9cfb90b-f225-4590-870b-0fb74dfaf5d5', '7f560298-15f1-4775-92a2-6a0587f0f6af', NULL, true, 0, 0, '2026-02-26 15:59:56.558', '2026-02-26 16:09:06.105', NULL, false, NULL) ON CONFLICT DO NOTHING;
INSERT INTO public."Account" (id, code, name, "companyId", "accountTypeId", "parentId", "isActive", "openingBalance", "currentBalance", "createdAt", "updatedAt", "cashFlowType", "allowNegative", category) VALUES ('4c44fc2c-30f6-4dba-b9fc-6b3ccf915ab1', 'G-4A893827-5500', 'Depreciation Expense', 'd9cfb90b-f225-4590-870b-0fb74dfaf5d5', '7f560298-15f1-4775-92a2-6a0587f0f6af', NULL, true, 0, 0, '2026-02-26 15:59:56.561', '2026-02-26 16:09:06.109', NULL, false, NULL) ON CONFLICT DO NOTHING;
INSERT INTO public."Account" (id, code, name, "companyId", "accountTypeId", "parentId", "isActive", "openingBalance", "currentBalance", "createdAt", "updatedAt", "cashFlowType", "allowNegative", category) VALUES ('a5f516e9-245d-4718-a0f3-0ba876ac7032', 'G-4A893827-5600', 'Transportation Expense', 'd9cfb90b-f225-4590-870b-0fb74dfaf5d5', '7f560298-15f1-4775-92a2-6a0587f0f6af', NULL, true, 0, 0, '2026-02-26 15:59:56.562', '2026-02-26 16:09:06.11', NULL, false, NULL) ON CONFLICT DO NOTHING;
INSERT INTO public."Account" (id, code, name, "companyId", "accountTypeId", "parentId", "isActive", "openingBalance", "currentBalance", "createdAt", "updatedAt", "cashFlowType", "allowNegative", category) VALUES ('079ca03c-8754-4755-9997-900862a5e07e', 'G-4A893827-5700', 'Communication Expense', 'd9cfb90b-f225-4590-870b-0fb74dfaf5d5', '7f560298-15f1-4775-92a2-6a0587f0f6af', NULL, true, 0, 0, '2026-02-26 15:59:56.564', '2026-02-26 16:09:06.112', NULL, false, NULL) ON CONFLICT DO NOTHING;
INSERT INTO public."Account" (id, code, name, "companyId", "accountTypeId", "parentId", "isActive", "openingBalance", "currentBalance", "createdAt", "updatedAt", "cashFlowType", "allowNegative", category) VALUES ('7c4172da-48d2-4757-9216-33095766c9f4', 'G-4A893827-5800', 'Professional Fees', 'd9cfb90b-f225-4590-870b-0fb74dfaf5d5', '7f560298-15f1-4775-92a2-6a0587f0f6af', NULL, true, 0, 0, '2026-02-26 15:59:56.565', '2026-02-26 16:09:06.114', NULL, false, NULL) ON CONFLICT DO NOTHING;
INSERT INTO public."Account" (id, code, name, "companyId", "accountTypeId", "parentId", "isActive", "openingBalance", "currentBalance", "createdAt", "updatedAt", "cashFlowType", "allowNegative", category) VALUES ('6470bd68-14aa-4929-a786-e98dc5952714', 'G-4A893827-5900', 'Miscellaneous Expense', 'd9cfb90b-f225-4590-870b-0fb74dfaf5d5', '7f560298-15f1-4775-92a2-6a0587f0f6af', NULL, true, 0, 0, '2026-02-26 15:59:56.567', '2026-02-26 16:09:06.117', NULL, false, NULL) ON CONFLICT DO NOTHING;
INSERT INTO public."Account" (id, code, name, "companyId", "accountTypeId", "parentId", "isActive", "openingBalance", "currentBalance", "createdAt", "updatedAt", "cashFlowType", "allowNegative", category) VALUES ('2dd64544-dc29-4d28-8f1b-6e7fe93a626e', 'G-4A893827-5400', 'Office Supplies', 'd9cfb90b-f225-4590-870b-0fb74dfaf5d5', '7f560298-15f1-4775-92a2-6a0587f0f6af', NULL, true, 0, 1000, '2026-02-26 15:59:56.56', '2026-03-02 13:33:05.123', NULL, false, NULL) ON CONFLICT DO NOTHING;
INSERT INTO public."Account" (id, code, name, "companyId", "accountTypeId", "parentId", "isActive", "openingBalance", "currentBalance", "createdAt", "updatedAt", "cashFlowType", "allowNegative", category) VALUES ('3287788f-6004-4d28-81c5-d30afef8fb82', 'G-4A893827-5200', 'Rent Expense', 'd9cfb90b-f225-4590-870b-0fb74dfaf5d5', '7f560298-15f1-4775-92a2-6a0587f0f6af', NULL, true, 0, 0, '2026-02-26 15:59:56.557', '2026-03-02 13:33:05.125', NULL, false, NULL) ON CONFLICT DO NOTHING;
INSERT INTO public."Account" (id, code, name, "companyId", "accountTypeId", "parentId", "isActive", "openingBalance", "currentBalance", "createdAt", "updatedAt", "cashFlowType", "allowNegative", category) VALUES ('678deb2e-761b-4ac4-86e3-e90261fd45cf', '1100', 'Accounts Receivable', '844dfd16-f107-4ba1-aba3-48fde1f78865', '932e0d3c-47d8-4508-86fa-00c82d991af2', NULL, true, 0, 0, '2026-03-06 23:26:19.261', '2026-03-06 23:26:19.261', 'OPERATING', false, 'AR') ON CONFLICT DO NOTHING;
INSERT INTO public."Account" (id, code, name, "companyId", "accountTypeId", "parentId", "isActive", "openingBalance", "currentBalance", "createdAt", "updatedAt", "cashFlowType", "allowNegative", category) VALUES ('5900068b-efc8-4863-b9d9-3583033d4dc0', '1200', 'Inventory', '844dfd16-f107-4ba1-aba3-48fde1f78865', '932e0d3c-47d8-4508-86fa-00c82d991af2', NULL, true, 0, 0, '2026-03-06 23:26:19.261', '2026-03-06 23:26:19.261', 'OPERATING', false, 'NONE') ON CONFLICT DO NOTHING;
INSERT INTO public."Account" (id, code, name, "companyId", "accountTypeId", "parentId", "isActive", "openingBalance", "currentBalance", "createdAt", "updatedAt", "cashFlowType", "allowNegative", category) VALUES ('c6eb57c5-5cdb-4133-9da1-2aacf04cb078', '2100', 'Accounts Payable', '844dfd16-f107-4ba1-aba3-48fde1f78865', '3dd87269-f563-4b53-b679-9ecf558728f8', NULL, true, 0, 0, '2026-03-06 23:26:19.261', '2026-03-06 23:26:19.261', 'OPERATING', false, 'AP') ON CONFLICT DO NOTHING;
INSERT INTO public."Account" (id, code, name, "companyId", "accountTypeId", "parentId", "isActive", "openingBalance", "currentBalance", "createdAt", "updatedAt", "cashFlowType", "allowNegative", category) VALUES ('4d3056b4-1c87-49da-a1e1-8b7f7f879d1f', '3200', 'Retained Earnings', '844dfd16-f107-4ba1-aba3-48fde1f78865', '527f84d6-ef0b-47d2-8239-08aa4d7becbe', NULL, true, 0, 0, '2026-03-06 23:26:19.261', '2026-03-06 23:26:19.261', 'FINANCING', false, 'NONE') ON CONFLICT DO NOTHING;
INSERT INTO public."Account" (id, code, name, "companyId", "accountTypeId", "parentId", "isActive", "openingBalance", "currentBalance", "createdAt", "updatedAt", "cashFlowType", "allowNegative", category) VALUES ('c61dcc4c-992a-4d64-b002-33b51cf38b9d', '4100', 'Sales Revenue', '844dfd16-f107-4ba1-aba3-48fde1f78865', 'a17f7e13-cf60-48c2-bd8c-dd9ad2a768f4', NULL, true, 0, 0, '2026-03-06 23:26:19.261', '2026-03-06 23:26:19.261', 'OPERATING', false, 'REVENUE') ON CONFLICT DO NOTHING;
INSERT INTO public."Account" (id, code, name, "companyId", "accountTypeId", "parentId", "isActive", "openingBalance", "currentBalance", "createdAt", "updatedAt", "cashFlowType", "allowNegative", category) VALUES ('c3565863-f77b-40fb-80bc-0da61f3b6507', '5100', 'Cost of Goods Sold', '844dfd16-f107-4ba1-aba3-48fde1f78865', '7f560298-15f1-4775-92a2-6a0587f0f6af', NULL, true, 0, 0, '2026-03-06 23:26:19.261', '2026-03-06 23:26:19.261', 'OPERATING', false, 'NONE') ON CONFLICT DO NOTHING;
INSERT INTO public."Account" (id, code, name, "companyId", "accountTypeId", "parentId", "isActive", "openingBalance", "currentBalance", "createdAt", "updatedAt", "cashFlowType", "allowNegative", category) VALUES ('2d3548b7-a738-4e63-b2d7-ecc2a645d495', '5200', 'Salaries & Wages', '844dfd16-f107-4ba1-aba3-48fde1f78865', '7f560298-15f1-4775-92a2-6a0587f0f6af', NULL, true, 0, 0, '2026-03-06 23:26:19.261', '2026-03-06 23:26:19.261', 'OPERATING', false, 'NONE') ON CONFLICT DO NOTHING;
INSERT INTO public."Account" (id, code, name, "companyId", "accountTypeId", "parentId", "isActive", "openingBalance", "currentBalance", "createdAt", "updatedAt", "cashFlowType", "allowNegative", category) VALUES ('f3a4a406-f700-4829-8168-8a306be9bd8e', '3100', 'Owner''s Capital', '844dfd16-f107-4ba1-aba3-48fde1f78865', '527f84d6-ef0b-47d2-8239-08aa4d7becbe', NULL, true, 0, 100000, '2026-03-06 23:26:19.261', '2026-03-07 00:21:15.614', 'FINANCING', false, 'NONE') ON CONFLICT DO NOTHING;
INSERT INTO public."Account" (id, code, name, "companyId", "accountTypeId", "parentId", "isActive", "openingBalance", "currentBalance", "createdAt", "updatedAt", "cashFlowType", "allowNegative", category) VALUES ('3930db31-3397-4af5-8ab1-7a320aefedec', '1020', 'Bank Account', '844dfd16-f107-4ba1-aba3-48fde1f78865', '932e0d3c-47d8-4508-86fa-00c82d991af2', NULL, true, 0, 50000, '2026-03-06 23:26:19.261', '2026-03-07 10:50:59.298', 'OPERATING', false, 'BANK') ON CONFLICT DO NOTHING;
INSERT INTO public."Account" (id, code, name, "companyId", "accountTypeId", "parentId", "isActive", "openingBalance", "currentBalance", "createdAt", "updatedAt", "cashFlowType", "allowNegative", category) VALUES ('58c99feb-1d34-4fa9-aaf4-bf0a17221e8a', '1510', 'Prepaid Insurance', '844dfd16-f107-4ba1-aba3-48fde1f78865', '932e0d3c-47d8-4508-86fa-00c82d991af2', NULL, true, 0, 0, '2026-03-07 12:53:47.171', '2026-03-07 12:57:00.213', 'OPERATING', false, NULL) ON CONFLICT DO NOTHING;
INSERT INTO public."Account" (id, code, name, "companyId", "accountTypeId", "parentId", "isActive", "openingBalance", "currentBalance", "createdAt", "updatedAt", "cashFlowType", "allowNegative", category) VALUES ('c609177a-b626-4659-a4d1-e7b97a027bf1', '1500', 'Prepaid Payment', '844dfd16-f107-4ba1-aba3-48fde1f78865', '932e0d3c-47d8-4508-86fa-00c82d991af2', NULL, true, 0, 0, '2026-03-07 12:53:15.013', '2026-03-07 12:54:47.661', 'OPERATING', false, NULL) ON CONFLICT DO NOTHING;
INSERT INTO public."Account" (id, code, name, "companyId", "accountTypeId", "parentId", "isActive", "openingBalance", "currentBalance", "createdAt", "updatedAt", "cashFlowType", "allowNegative", category) VALUES ('0fb576a0-4127-4174-9811-d549a1ec9b39', '1501', 'Prepaid Rent', '844dfd16-f107-4ba1-aba3-48fde1f78865', '932e0d3c-47d8-4508-86fa-00c82d991af2', 'c609177a-b626-4659-a4d1-e7b97a027bf1', true, 0, 5000, '2026-03-07 12:55:44.994', '2026-03-07 13:01:27.927', 'OPERATING', false, NULL) ON CONFLICT DO NOTHING;
INSERT INTO public."Account" (id, code, name, "companyId", "accountTypeId", "parentId", "isActive", "openingBalance", "currentBalance", "createdAt", "updatedAt", "cashFlowType", "allowNegative", category) VALUES ('7320b923-9946-4ace-a1f3-4691de3448c9', 'X-1100', 'CONVEYANCE', '844dfd16-f107-4ba1-aba3-48fde1f78865', '7f560298-15f1-4775-92a2-6a0587f0f6af', NULL, true, 0, 0, '2026-03-08 12:57:17.869', '2026-03-08 12:57:17.869', 'NONE', false, 'EXPENSE') ON CONFLICT DO NOTHING;
INSERT INTO public."Account" (id, code, name, "companyId", "accountTypeId", "parentId", "isActive", "openingBalance", "currentBalance", "createdAt", "updatedAt", "cashFlowType", "allowNegative", category) VALUES ('a7ebbf80-d21e-4be9-b4f9-f727a3d10bcd', '1010', 'Cash', '844dfd16-f107-4ba1-aba3-48fde1f78865', '932e0d3c-47d8-4508-86fa-00c82d991af2', NULL, true, 0, 45000, '2026-03-06 23:26:19.261', '2026-03-08 13:00:34.094', 'OPERATING', false, 'CASH') ON CONFLICT DO NOTHING;


--
-- Data for Name: Branch; Type: TABLE DATA; Schema: public; Owner: -
--

INSERT INTO public."Branch" (id, code, name, "companyId", "isActive", "createdAt", "updatedAt") VALUES ('310c8f91-d6f9-4b4a-a6a0-1d6f10bc00fb', 'MAIN', 'Main Branch', '49ae783c-dbd2-48c1-9ed1-86990bbc49ea', true, '2026-02-26 14:32:23.321', '2026-02-26 14:32:23.321') ON CONFLICT DO NOTHING;
INSERT INTO public."Branch" (id, code, name, "companyId", "isActive", "createdAt", "updatedAt") VALUES ('cdbc7579-8c87-4d8d-b474-6d19d496e53f', 'DC-D2BE8783-BR001', 'Main Branch', '20119672-0d2c-4455-9a77-30f8770af1ea', true, '2026-02-26 14:47:04.227', '2026-02-26 14:47:04.227') ON CONFLICT DO NOTHING;
INSERT INTO public."Branch" (id, code, name, "companyId", "isActive", "createdAt", "updatedAt") VALUES ('ebd9896e-c4d0-4961-918a-adba8166af7c', 'G-4A893827-BR001', 'Main Branch', 'd9cfb90b-f225-4590-870b-0fb74dfaf5d5', true, '2026-02-26 15:59:56.5', '2026-02-26 15:59:56.5') ON CONFLICT DO NOTHING;


--
-- Data for Name: User; Type: TABLE DATA; Schema: public; Owner: -
--

INSERT INTO public."User" (id, email, password, "firstName", "lastName", "isActive", "maxCompanies", "managerId", "createdAt", "updatedAt", address, phone) VALUES ('7b4ced25-5849-41b0-addd-ba7565257ce4', 'admin@accounting.com', '$2a$10$iwsoX6o/Mpx/GK2FdsPTg.4i34vCj0.VDKEtFwjGSVmWHkXqiIUsW', 'Admin', 'User', true, 100, NULL, '2026-02-25 18:56:35.306', '2026-02-25 18:56:35.306', NULL, NULL) ON CONFLICT DO NOTHING;
INSERT INTO public."User" (id, email, password, "firstName", "lastName", "isActive", "maxCompanies", "managerId", "createdAt", "updatedAt", address, phone) VALUES ('eb4628f2-df31-4276-82b0-7cdc9e7065ea', 'owner@accounting.com', '$2a$10$bxijNuWKKGKJHm.kFEeH9uAl1bBL3AM2EExO/Q.wNrruoLy5ynWXu', 'Ashraful', 'Sulaiman', true, 5, NULL, '2026-02-26 14:32:39.394', '2026-02-26 14:32:39.394', NULL, NULL) ON CONFLICT DO NOTHING;
INSERT INTO public."User" (id, email, password, "firstName", "lastName", "isActive", "maxCompanies", "managerId", "createdAt", "updatedAt", address, phone) VALUES ('092f49c5-7c94-4fd5-b79e-168f47221fbe', 'manager@gmail.com', '$2a$10$56UiEgyvYD3YGhLXQuqxRu2A7DCsDHUX.8il.hlEFis9ILEschHYG', 'Manager', '1', true, 1, NULL, '2026-02-26 16:01:04.587', '2026-02-26 16:01:04.587', NULL, NULL) ON CONFLICT DO NOTHING;
INSERT INTO public."User" (id, email, password, "firstName", "lastName", "isActive", "maxCompanies", "managerId", "createdAt", "updatedAt", address, phone) VALUES ('778a03a6-cb17-472f-a21b-63c262b9759a', 'accountant@gmail.com', '$2a$10$Zuz3SYW.I7RSNA5vlRr2D.Z4nXnheTDBmROWfjOVaR/qn.WNmgfKy', 'accountant', '1', true, 1, NULL, '2026-02-26 16:01:28.498', '2026-02-26 16:01:28.498', NULL, NULL) ON CONFLICT DO NOTHING;
INSERT INTO public."User" (id, email, password, "firstName", "lastName", "isActive", "maxCompanies", "managerId", "createdAt", "updatedAt", address, phone) VALUES ('966eaf0b-cf21-48d6-8f6f-e47ead08abbe', 'rabbi@gmail.com', '$2a$10$DG3qvFykbBuIM/1FFyhV1embpd1N0bBwcIiJxw2AtMb84QKfdJg/m', 'Ashraful', '2', true, 5, NULL, '2026-02-26 14:36:10.426', '2026-03-06 23:25:30.308', NULL, NULL) ON CONFLICT DO NOTHING;


--
-- Data for Name: ActivityLog; Type: TABLE DATA; Schema: public; Owner: -
--

INSERT INTO public."ActivityLog" (id, "companyId", "entityType", "entityId", action, "performedById", "targetUserId", "branchId", metadata, "createdAt") VALUES ('d14d3088-842f-4db5-ae55-4926f88ec45d', '844dfd16-f107-4ba1-aba3-48fde1f78865', 'product', '03137186-a6d2-4f3b-8ca6-623a7d05ab73', 'CREATED', '966eaf0b-cf21-48d6-8f6f-e47ead08abbe', NULL, NULL, '{"name": "Paper", "docNumber": "PRD-2026-0001"}', '2026-03-06 23:27:36.993') ON CONFLICT DO NOTHING;
INSERT INTO public."ActivityLog" (id, "companyId", "entityType", "entityId", action, "performedById", "targetUserId", "branchId", metadata, "createdAt") VALUES ('0557e036-f9ce-4008-9dc2-8d1da20b0303', '844dfd16-f107-4ba1-aba3-48fde1f78865', 'vendor', '2924c20d-9b64-4fe4-8f9b-8de65a197532', 'CREATED', '966eaf0b-cf21-48d6-8f6f-e47ead08abbe', NULL, NULL, '{"name": "Acme Group", "docNumber": "VEN-2026-0001"}', '2026-03-06 23:28:18.013') ON CONFLICT DO NOTHING;
INSERT INTO public."ActivityLog" (id, "companyId", "entityType", "entityId", action, "performedById", "targetUserId", "branchId", metadata, "createdAt") VALUES ('2a2088d3-b1ed-4b49-b8f3-df26fa9a1c0f', '844dfd16-f107-4ba1-aba3-48fde1f78865', 'purchase_order', 'aad5f8f3-7bf3-4aa3-8f00-b87a5813d99a', 'CREATED', '966eaf0b-cf21-48d6-8f6f-e47ead08abbe', NULL, NULL, '{"docNumber": "PO-2026-0001"}', '2026-03-06 23:34:33.928') ON CONFLICT DO NOTHING;
INSERT INTO public."ActivityLog" (id, "companyId", "entityType", "entityId", action, "performedById", "targetUserId", "branchId", metadata, "createdAt") VALUES ('f65307ca-5693-4be4-a031-5e35be609427', '844dfd16-f107-4ba1-aba3-48fde1f78865', 'purchase_order', '685c7fe5-b84c-42e0-baf4-43a2abab37d7', 'CREATED', '966eaf0b-cf21-48d6-8f6f-e47ead08abbe', NULL, NULL, '{"docNumber": "PO-2026-0001"}', '2026-03-06 23:39:55.549') ON CONFLICT DO NOTHING;
INSERT INTO public."ActivityLog" (id, "companyId", "entityType", "entityId", action, "performedById", "targetUserId", "branchId", metadata, "createdAt") VALUES ('c572491c-78ed-4bd4-a75f-a77a198f67be', '844dfd16-f107-4ba1-aba3-48fde1f78865', 'purchase_order', '685c7fe5-b84c-42e0-baf4-43a2abab37d7', 'STATUS_CHANGED', '966eaf0b-cf21-48d6-8f6f-e47ead08abbe', NULL, NULL, '{"docNumber": "PO-2026-0001", "newStatus": "APPROVED"}', '2026-03-06 23:41:37.672') ON CONFLICT DO NOTHING;
INSERT INTO public."ActivityLog" (id, "companyId", "entityType", "entityId", action, "performedById", "targetUserId", "branchId", metadata, "createdAt") VALUES ('8cdd2bc0-4f22-4849-b491-a7bcc5fadba5', '844dfd16-f107-4ba1-aba3-48fde1f78865', 'purchase_order', '685c7fe5-b84c-42e0-baf4-43a2abab37d7', 'STATUS_CHANGED', '966eaf0b-cf21-48d6-8f6f-e47ead08abbe', NULL, NULL, '{"docNumber": "PO-2026-0001", "newStatus": "SENT"}', '2026-03-06 23:41:47.422') ON CONFLICT DO NOTHING;
INSERT INTO public."ActivityLog" (id, "companyId", "entityType", "entityId", action, "performedById", "targetUserId", "branchId", metadata, "createdAt") VALUES ('c3e64e46-fdb8-478c-b13f-b7d46a87c57f', '844dfd16-f107-4ba1-aba3-48fde1f78865', 'purchase_order', '685c7fe5-b84c-42e0-baf4-43a2abab37d7', 'STATUS_CHANGED', '966eaf0b-cf21-48d6-8f6f-e47ead08abbe', NULL, NULL, '{"docNumber": "PO-2026-0001", "newStatus": "RECEIVED"}', '2026-03-06 23:41:53.938') ON CONFLICT DO NOTHING;
INSERT INTO public."ActivityLog" (id, "companyId", "entityType", "entityId", action, "performedById", "targetUserId", "branchId", metadata, "createdAt") VALUES ('cdd04875-e621-44be-b5b4-2ce92053b90b', '844dfd16-f107-4ba1-aba3-48fde1f78865', 'customer', 'bd048d38-c90b-4445-a5bb-ceec07f74c69', 'CREATED', '966eaf0b-cf21-48d6-8f6f-e47ead08abbe', NULL, NULL, '{"name": "Rabbi Enterprize", "docNumber": "CUS-2026-0001"}', '2026-03-06 23:45:06.619') ON CONFLICT DO NOTHING;
INSERT INTO public."ActivityLog" (id, "companyId", "entityType", "entityId", action, "performedById", "targetUserId", "branchId", metadata, "createdAt") VALUES ('6b8a7e02-9e7c-40d1-b758-047e364ad889', '844dfd16-f107-4ba1-aba3-48fde1f78865', 'pi', '63ddd21c-f3b1-4a4c-939d-4192889c9186', 'CREATED', '966eaf0b-cf21-48d6-8f6f-e47ead08abbe', NULL, NULL, '{"docNumber": "PI12547893"}', '2026-03-06 23:46:43.811') ON CONFLICT DO NOTHING;
INSERT INTO public."ActivityLog" (id, "companyId", "entityType", "entityId", action, "performedById", "targetUserId", "branchId", metadata, "createdAt") VALUES ('082a4753-374e-400d-adab-1248b4a6c772', '844dfd16-f107-4ba1-aba3-48fde1f78865', 'journal', '54a0005c-d285-4cd7-88e8-9c9f78983223', 'CREATED', '966eaf0b-cf21-48d6-8f6f-e47ead08abbe', NULL, NULL, '{"docNumber": "JE-2026-0006"}', '2026-03-07 00:16:18.36') ON CONFLICT DO NOTHING;
INSERT INTO public."ActivityLog" (id, "companyId", "entityType", "entityId", action, "performedById", "targetUserId", "branchId", metadata, "createdAt") VALUES ('9b8ec9f9-685e-478c-8f13-999d6a562396', '844dfd16-f107-4ba1-aba3-48fde1f78865', 'journal', '54a0005c-d285-4cd7-88e8-9c9f78983223', 'VERIFIED', '966eaf0b-cf21-48d6-8f6f-e47ead08abbe', NULL, NULL, '{"docNumber": "JE-2026-0006"}', '2026-03-07 00:16:39.589') ON CONFLICT DO NOTHING;
INSERT INTO public."ActivityLog" (id, "companyId", "entityType", "entityId", action, "performedById", "targetUserId", "branchId", metadata, "createdAt") VALUES ('171d829c-7ea0-4004-a07f-e535b8bead0f', '844dfd16-f107-4ba1-aba3-48fde1f78865', 'journal', '54a0005c-d285-4cd7-88e8-9c9f78983223', 'APPROVED', '966eaf0b-cf21-48d6-8f6f-e47ead08abbe', NULL, NULL, '{"docNumber": "JE-2026-0006"}', '2026-03-07 00:21:15.576') ON CONFLICT DO NOTHING;
INSERT INTO public."ActivityLog" (id, "companyId", "entityType", "entityId", action, "performedById", "targetUserId", "branchId", metadata, "createdAt") VALUES ('42fae543-75e4-4c7e-bf65-f19201dbe37f', '844dfd16-f107-4ba1-aba3-48fde1f78865', 'journal', 'bea32549-3fe2-4be4-ba55-256941be20d3', 'CREATED', '966eaf0b-cf21-48d6-8f6f-e47ead08abbe', NULL, NULL, '{"docNumber": "JE-2026-0007"}', '2026-03-07 00:22:01.805') ON CONFLICT DO NOTHING;
INSERT INTO public."ActivityLog" (id, "companyId", "entityType", "entityId", action, "performedById", "targetUserId", "branchId", metadata, "createdAt") VALUES ('430ff4a8-f6ea-4550-bdb6-d36cf6a2d40f', '844dfd16-f107-4ba1-aba3-48fde1f78865', 'journal', 'bea32549-3fe2-4be4-ba55-256941be20d3', 'VERIFIED', '966eaf0b-cf21-48d6-8f6f-e47ead08abbe', NULL, NULL, '{"docNumber": "JE-2026-0007"}', '2026-03-07 00:22:04.668') ON CONFLICT DO NOTHING;
INSERT INTO public."ActivityLog" (id, "companyId", "entityType", "entityId", action, "performedById", "targetUserId", "branchId", metadata, "createdAt") VALUES ('dcd2bb28-bde0-42e1-8baf-a1a09fc9c6f3', '844dfd16-f107-4ba1-aba3-48fde1f78865', 'purchase_order', '337e63c1-930b-4115-a126-63fc67fedbd5', 'CREATED', '966eaf0b-cf21-48d6-8f6f-e47ead08abbe', NULL, NULL, '{"docNumber": "PO-2026-0002"}', '2026-03-07 00:36:32.648') ON CONFLICT DO NOTHING;
INSERT INTO public."ActivityLog" (id, "companyId", "entityType", "entityId", action, "performedById", "targetUserId", "branchId", metadata, "createdAt") VALUES ('e5f608b3-a8f6-4331-a0b3-987e71958d8b', '844dfd16-f107-4ba1-aba3-48fde1f78865', 'purchase_order', '337e63c1-930b-4115-a126-63fc67fedbd5', 'STATUS_CHANGED', '966eaf0b-cf21-48d6-8f6f-e47ead08abbe', NULL, NULL, '{"docNumber": "PO-2026-0002", "newStatus": "APPROVED"}', '2026-03-07 00:36:40.174') ON CONFLICT DO NOTHING;
INSERT INTO public."ActivityLog" (id, "companyId", "entityType", "entityId", action, "performedById", "targetUserId", "branchId", metadata, "createdAt") VALUES ('68a46717-d5bd-451f-b943-e72fa3a1934c', '844dfd16-f107-4ba1-aba3-48fde1f78865', 'purchase_order', '337e63c1-930b-4115-a126-63fc67fedbd5', 'UPDATED', '966eaf0b-cf21-48d6-8f6f-e47ead08abbe', NULL, NULL, '{"docNumber": "PO-2026-0002"}', '2026-03-07 10:50:24.954') ON CONFLICT DO NOTHING;
INSERT INTO public."ActivityLog" (id, "companyId", "entityType", "entityId", action, "performedById", "targetUserId", "branchId", metadata, "createdAt") VALUES ('65ae546d-4948-4e73-909d-869a820a8351', '844dfd16-f107-4ba1-aba3-48fde1f78865', 'purchase_order', '337e63c1-930b-4115-a126-63fc67fedbd5', 'STATUS_CHANGED', '966eaf0b-cf21-48d6-8f6f-e47ead08abbe', NULL, NULL, '{"docNumber": "PO-2026-0002", "newStatus": "CLOSED"}', '2026-03-07 10:50:34.486') ON CONFLICT DO NOTHING;
INSERT INTO public."ActivityLog" (id, "companyId", "entityType", "entityId", action, "performedById", "targetUserId", "branchId", metadata, "createdAt") VALUES ('793303b8-a046-465c-bf43-c0a3d5df3a2c', '844dfd16-f107-4ba1-aba3-48fde1f78865', 'journal', 'bea32549-3fe2-4be4-ba55-256941be20d3', 'APPROVED', '966eaf0b-cf21-48d6-8f6f-e47ead08abbe', NULL, NULL, '{"docNumber": "JE-2026-0007"}', '2026-03-07 10:50:59.296') ON CONFLICT DO NOTHING;
INSERT INTO public."ActivityLog" (id, "companyId", "entityType", "entityId", action, "performedById", "targetUserId", "branchId", metadata, "createdAt") VALUES ('81abae3d-ba9f-4c8a-88f7-81a8bdd2e39d', '844dfd16-f107-4ba1-aba3-48fde1f78865', 'pi', '323c6586-461b-41a0-a38c-a2a099b6d1bf', 'CREATED', '966eaf0b-cf21-48d6-8f6f-e47ead08abbe', NULL, NULL, '{"docNumber": "A124587"}', '2026-03-07 10:54:43.642') ON CONFLICT DO NOTHING;
INSERT INTO public."ActivityLog" (id, "companyId", "entityType", "entityId", action, "performedById", "targetUserId", "branchId", metadata, "createdAt") VALUES ('4eea8aa2-ccf5-4928-abad-d475fb1937af', '844dfd16-f107-4ba1-aba3-48fde1f78865', 'pi', '562cd568-14fb-492a-ac3c-a8eae50a0c72', 'CREATED', '966eaf0b-cf21-48d6-8f6f-e47ead08abbe', NULL, NULL, '{"docNumber": "A547852"}', '2026-03-07 11:45:59.718') ON CONFLICT DO NOTHING;
INSERT INTO public."ActivityLog" (id, "companyId", "entityType", "entityId", action, "performedById", "targetUserId", "branchId", metadata, "createdAt") VALUES ('a2d6a013-ca48-42c5-a169-6441a78bd64b', '844dfd16-f107-4ba1-aba3-48fde1f78865', 'purchase_order', '685c7fe5-b84c-42e0-baf4-43a2abab37d7', 'STATUS_CHANGED', '966eaf0b-cf21-48d6-8f6f-e47ead08abbe', NULL, NULL, '{"docNumber": "PO-2026-0001", "newStatus": "CLOSED"}', '2026-03-07 12:19:37.736') ON CONFLICT DO NOTHING;
INSERT INTO public."ActivityLog" (id, "companyId", "entityType", "entityId", action, "performedById", "targetUserId", "branchId", metadata, "createdAt") VALUES ('472e9c10-68bc-4146-81f2-cbcb9802c213', '844dfd16-f107-4ba1-aba3-48fde1f78865', 'purchase_order', '685c7fe5-b84c-42e0-baf4-43a2abab37d7', 'STATUS_CHANGED', '966eaf0b-cf21-48d6-8f6f-e47ead08abbe', NULL, NULL, '{"docNumber": "PO-2026-0001", "newStatus": "DRAFT"}', '2026-03-07 12:20:07.095') ON CONFLICT DO NOTHING;
INSERT INTO public."ActivityLog" (id, "companyId", "entityType", "entityId", action, "performedById", "targetUserId", "branchId", metadata, "createdAt") VALUES ('8b2bf4fd-6244-4db4-8541-7ba16d0e961a', '844dfd16-f107-4ba1-aba3-48fde1f78865', 'purchase_order', '685c7fe5-b84c-42e0-baf4-43a2abab37d7', 'UPDATED', '966eaf0b-cf21-48d6-8f6f-e47ead08abbe', NULL, NULL, '{"docNumber": "PO-2026-0001"}', '2026-03-07 12:23:52.561') ON CONFLICT DO NOTHING;
INSERT INTO public."ActivityLog" (id, "companyId", "entityType", "entityId", action, "performedById", "targetUserId", "branchId", metadata, "createdAt") VALUES ('1eecdc1a-d96f-4e35-8418-ab6e42e7889d', '844dfd16-f107-4ba1-aba3-48fde1f78865', 'PurchaseOrder', '685c7fe5-b84c-42e0-baf4-43a2abab37d7', 'STATUS_REACHED_APPROVED', '966eaf0b-cf21-48d6-8f6f-e47ead08abbe', NULL, NULL, '{"newStatus": "APPROVED", "oldStatus": "DRAFT", "entityNumber": "PO-2026-0001"}', '2026-03-07 12:34:58.128') ON CONFLICT DO NOTHING;
INSERT INTO public."ActivityLog" (id, "companyId", "entityType", "entityId", action, "performedById", "targetUserId", "branchId", metadata, "createdAt") VALUES ('e782bf64-6a76-4038-bf46-20a5dc844dfd', '844dfd16-f107-4ba1-aba3-48fde1f78865', 'product', '6589f750-a28d-4be9-ba4d-f2e8d18cfe95', 'CREATED', '966eaf0b-cf21-48d6-8f6f-e47ead08abbe', NULL, NULL, '{"name": "Pencil", "docNumber": "PRD-2026-0002"}', '2026-03-07 12:40:20.354') ON CONFLICT DO NOTHING;
INSERT INTO public."ActivityLog" (id, "companyId", "entityType", "entityId", action, "performedById", "targetUserId", "branchId", metadata, "createdAt") VALUES ('fa7f4fee-c867-4bfe-8639-81387f88f99c', '844dfd16-f107-4ba1-aba3-48fde1f78865', 'customer', '9f06ed53-2fd0-455f-b02b-bd6cfd4c8d26', 'CREATED', '966eaf0b-cf21-48d6-8f6f-e47ead08abbe', NULL, NULL, '{"name": "ABC Diagnostic Centre", "docNumber": "CUS-2026-0002"}', '2026-03-07 12:41:04.085') ON CONFLICT DO NOTHING;
INSERT INTO public."ActivityLog" (id, "companyId", "entityType", "entityId", action, "performedById", "targetUserId", "branchId", metadata, "createdAt") VALUES ('38347366-c077-4b88-b046-2edf184882b6', '844dfd16-f107-4ba1-aba3-48fde1f78865', 'pi', '41be984a-7c32-4904-9934-3f369f637aef', 'CREATED', '966eaf0b-cf21-48d6-8f6f-e47ead08abbe', NULL, NULL, '{"docNumber": "PI5487569"}', '2026-03-07 12:44:23.468') ON CONFLICT DO NOTHING;
INSERT INTO public."ActivityLog" (id, "companyId", "entityType", "entityId", action, "performedById", "targetUserId", "branchId", metadata, "createdAt") VALUES ('f86a594a-24e9-4e48-9421-a41e2a5642f4', '844dfd16-f107-4ba1-aba3-48fde1f78865', 'journal', 'af119a7c-7024-4abd-ac01-506c3888feda', 'CREATED', '966eaf0b-cf21-48d6-8f6f-e47ead08abbe', NULL, NULL, '{"docNumber": "JE-2026-0008"}', '2026-03-07 13:00:59.345') ON CONFLICT DO NOTHING;
INSERT INTO public."ActivityLog" (id, "companyId", "entityType", "entityId", action, "performedById", "targetUserId", "branchId", metadata, "createdAt") VALUES ('50af4f75-6d93-418a-b0e6-aac8483a9f91', '844dfd16-f107-4ba1-aba3-48fde1f78865', 'JournalEntry', 'af119a7c-7024-4abd-ac01-506c3888feda', 'STATUS_REACHED_REJECTED', '966eaf0b-cf21-48d6-8f6f-e47ead08abbe', NULL, NULL, '{"reason": "No reason", "newStatus": "REJECTED", "oldStatus": "PENDING_VERIFICATION", "entityNumber": "JE-2026-0008"}', '2026-03-07 13:01:20.364') ON CONFLICT DO NOTHING;
INSERT INTO public."ActivityLog" (id, "companyId", "entityType", "entityId", action, "performedById", "targetUserId", "branchId", metadata, "createdAt") VALUES ('f65874a0-f01c-432d-ae61-8c8770576b93', '844dfd16-f107-4ba1-aba3-48fde1f78865', 'JournalEntry', 'af119a7c-7024-4abd-ac01-506c3888feda', 'STATUS_REACHED_PENDING_VERIFICATION', '966eaf0b-cf21-48d6-8f6f-e47ead08abbe', NULL, NULL, '{"newStatus": "PENDING_VERIFICATION", "oldStatus": "REJECTED", "entityNumber": "JE-2026-0008"}', '2026-03-07 13:01:24.065') ON CONFLICT DO NOTHING;
INSERT INTO public."ActivityLog" (id, "companyId", "entityType", "entityId", action, "performedById", "targetUserId", "branchId", metadata, "createdAt") VALUES ('11225176-3530-4cba-b453-d5299bba9a50', '844dfd16-f107-4ba1-aba3-48fde1f78865', 'JournalEntry', 'af119a7c-7024-4abd-ac01-506c3888feda', 'STATUS_REACHED_VERIFIED', '966eaf0b-cf21-48d6-8f6f-e47ead08abbe', NULL, NULL, '{"newStatus": "VERIFIED", "oldStatus": "PENDING_VERIFICATION", "entityNumber": "JE-2026-0008"}', '2026-03-07 13:01:26.732') ON CONFLICT DO NOTHING;
INSERT INTO public."ActivityLog" (id, "companyId", "entityType", "entityId", action, "performedById", "targetUserId", "branchId", metadata, "createdAt") VALUES ('4d9dbc57-dfc1-4c33-9f15-0040fbfc3b4c', '844dfd16-f107-4ba1-aba3-48fde1f78865', 'JournalEntry', 'af119a7c-7024-4abd-ac01-506c3888feda', 'STATUS_REACHED_APPROVED', '966eaf0b-cf21-48d6-8f6f-e47ead08abbe', NULL, NULL, '{"newStatus": "APPROVED", "oldStatus": "VERIFIED", "entityNumber": "JE-2026-0008"}', '2026-03-07 13:01:27.906') ON CONFLICT DO NOTHING;


--
-- Data for Name: Attachment; Type: TABLE DATA; Schema: public; Owner: -
--

INSERT INTO public."Attachment" (id, name, "fileName", "fileType", "filePath", "fileSize", "entityType", "entityId", "documentType", "hashValue", version, "isActive", "isVerified", "verifiedById", "uploadedById", "createdAt", "updatedAt") VALUES ('b102ba8c-e930-4a0a-8201-7eeb35010ac1', 'ledger-2026-02-18.pdf', '1772122282955-ledger-2026-02-18.pdf', 'application/pdf', 'transactions\voucher\89686804-defa-4bb2-841e-55e70e6557e7\1772122282955-ledger-2026-02-18.pdf', 7916, 'VOUCHER', '89686804-defa-4bb2-841e-55e70e6557e7', 'GENERAL', 'c506f483bad28b3cfcb9f0ed8d2016a6a6e9a0bca8dea1206b38e8bd74181c1d', 1, true, false, NULL, 'eb4628f2-df31-4276-82b0-7cdc9e7065ea', '2026-02-26 16:11:22.973', '2026-02-26 16:11:22.973') ON CONFLICT DO NOTHING;
INSERT INTO public."Attachment" (id, name, "fileName", "fileType", "filePath", "fileSize", "entityType", "entityId", "documentType", "hashValue", version, "isActive", "isVerified", "verifiedById", "uploadedById", "createdAt", "updatedAt") VALUES ('9599316a-9e48-43fc-b4d1-ec24f2c12176', '53fba11c-0e11-41dc-9950-cbaa443f374c.jpg', '1772458382226-53fba11c-0e11-41dc-9950-cbaa443f374c.jpg', 'image/jpeg', 'transactions\voucher\ee18bdb5-0302-45d4-8060-e6f3976ff08f\1772458382226-53fba11c-0e11-41dc-9950-cbaa443f374c.jpg', 126511, 'VOUCHER', 'ee18bdb5-0302-45d4-8060-e6f3976ff08f', 'GENERAL', '0b0b763379757abb687523e2f2ca98643828576ac12711923eba64986801ecfb', 1, true, false, NULL, 'eb4628f2-df31-4276-82b0-7cdc9e7065ea', '2026-03-02 13:33:02.244', '2026-03-02 13:33:02.244') ON CONFLICT DO NOTHING;


--
-- Data for Name: BackupLog; Type: TABLE DATA; Schema: public; Owner: -
--

INSERT INTO public."BackupLog" (id, "fileName", "fileSize", status, "triggeredBy", "createdAt") VALUES ('f59f596a-651c-4cce-a3fc-988e1c3f832a', 'backup_2026-02-26T20-55-10-088Z.zip', 35211, 'SUCCESS', 'system', '2026-02-26 20:55:10.997') ON CONFLICT DO NOTHING;
INSERT INTO public."BackupLog" (id, "fileName", "fileSize", status, "triggeredBy", "createdAt") VALUES ('a0f2937b-db08-4cb1-975c-c0e7867320c6', 'backup_2026-03-01T20-11-35-947Z.zip', 37576, 'SUCCESS', 'system', '2026-03-01 20:11:37.385') ON CONFLICT DO NOTHING;
INSERT INTO public."BackupLog" (id, "fileName", "fileSize", status, "triggeredBy", "createdAt") VALUES ('3d7a381c-30e7-4013-b857-3c77b4a2f93f', 'backup_2026-03-02T20-04-53-770Z.zip', 162831, 'SUCCESS', 'system', '2026-03-02 20:04:54.83') ON CONFLICT DO NOTHING;
INSERT INTO public."BackupLog" (id, "fileName", "fileSize", status, "triggeredBy", "createdAt") VALUES ('9cb6790a-e629-4011-bbb6-4e14ba3ffaca', 'backup_2026-03-06T20-18-36-480Z.zip', 164690, 'SUCCESS', 'system', '2026-03-06 20:18:37.487') ON CONFLICT DO NOTHING;
INSERT INTO public."BackupLog" (id, "fileName", "fileSize", status, "triggeredBy", "createdAt") VALUES ('2239df53-689b-49a8-b38b-8d82b25a2655', 'backup_2026-03-07T20-44-24-085Z.zip', 33287, 'SUCCESS', 'system', '2026-03-07 20:44:24.901') ON CONFLICT DO NOTHING;
INSERT INTO public."BackupLog" (id, "fileName", "fileSize", status, "triggeredBy", "createdAt") VALUES ('312c16e5-86b4-44fe-b0b0-fd2cd90c22a2', 'backup_2026-03-08T20-15-59-152Z.zip', 34902, 'SUCCESS', 'system', '2026-03-08 20:15:59.964') ON CONFLICT DO NOTHING;


--
-- Data for Name: Vendor; Type: TABLE DATA; Schema: public; Owner: -
--

INSERT INTO public."Vendor" (id, code, name, "companyId", email, phone, address, city, country, "isActive", "createdAt", "updatedAt", "balanceType", "contactPerson", "creditLimit", "openingBalance", "preferredCurrency", "tinVat", "paymentTerms") VALUES ('ebea3d0b-6328-40f6-b5dc-ae8b5dcc0b56', 'VEN-715378', 'Ashraful', 'd9cfb90b-f225-4590-870b-0fb74dfaf5d5', '', '', '1-(Ga) Mortuza Building, Dhoniwala Para', 'Chittagong', 'Bangladesh', true, '2026-02-26 16:51:55.379', '2026-02-26 16:51:55.379', NULL, NULL, NULL, 0, 'BDT', NULL, 'COD') ON CONFLICT DO NOTHING;
INSERT INTO public."Vendor" (id, code, name, "companyId", email, phone, address, city, country, "isActive", "createdAt", "updatedAt", "balanceType", "contactPerson", "creditLimit", "openingBalance", "preferredCurrency", "tinVat", "paymentTerms") VALUES ('2924c20d-9b64-4fe4-8f9b-8de65a197532', 'VEN-2026-0001', 'Acme Group', '844dfd16-f107-4ba1-aba3-48fde1f78865', 'nasir@acme.com', '', '', '', '', true, '2026-03-06 23:28:18.006', '2026-03-07 11:39:40.3', 'CR', 'Nasir', 0, 0, 'USD', '', 'COD') ON CONFLICT DO NOTHING;


--
-- Data for Name: Bill; Type: TABLE DATA; Schema: public; Owner: -
--



--
-- Data for Name: CompanySettings; Type: TABLE DATA; Schema: public; Owner: -
--



--
-- Data for Name: CostCenter; Type: TABLE DATA; Schema: public; Owner: -
--



--
-- Data for Name: Currency; Type: TABLE DATA; Schema: public; Owner: -
--

INSERT INTO public."Currency" (id, code, name, symbol, "isActive", "createdAt", "updatedAt", "isBase") VALUES ('4028cada-ac57-4787-868e-1ba570313810', 'BDT', 'Bangladeshi Taka', '৳', true, '2026-02-25 18:56:35.222', '2026-02-25 18:56:35.222', false) ON CONFLICT DO NOTHING;
INSERT INTO public."Currency" (id, code, name, symbol, "isActive", "createdAt", "updatedAt", "isBase") VALUES ('f2cd6c2f-dad7-4471-adc7-71f2c2eb7e08', 'USD', 'US Dollar', '$', true, '2026-02-25 18:56:35.227', '2026-02-25 18:56:35.227', false) ON CONFLICT DO NOTHING;
INSERT INTO public."Currency" (id, code, name, symbol, "isActive", "createdAt", "updatedAt", "isBase") VALUES ('0f634134-a74c-48c0-9154-4d2e389b7b19', 'EUR', 'Euro', '€', true, '2026-02-25 18:56:35.228', '2026-02-25 18:56:35.228', false) ON CONFLICT DO NOTHING;
INSERT INTO public."Currency" (id, code, name, symbol, "isActive", "createdAt", "updatedAt", "isBase") VALUES ('c5d714aa-57e0-4b1a-8673-4ea3fab7b955', 'GBP', 'British Pound', '£', true, '2026-02-25 18:56:35.232', '2026-02-25 18:56:35.232', false) ON CONFLICT DO NOTHING;
INSERT INTO public."Currency" (id, code, name, symbol, "isActive", "createdAt", "updatedAt", "isBase") VALUES ('173733d2-5a6c-49ea-847b-08aa3564dc84', 'INR', 'Indian Rupee', '₹', true, '2026-02-25 18:56:35.234', '2026-02-25 18:56:35.234', false) ON CONFLICT DO NOTHING;


--
-- Data for Name: Customer; Type: TABLE DATA; Schema: public; Owner: -
--

INSERT INTO public."Customer" (id, code, name, "companyId", email, phone, address, city, country, "isActive", "createdAt", "updatedAt", "balanceType", "contactPerson", "creditLimit", "openingBalance", "preferredCurrency", "tinVat", "paymentTerms") VALUES ('aedaffc2-a141-4439-8095-cdf68dd8fc8b', 'CUS-706584', 'Sulaiman', 'd9cfb90b-f225-4590-870b-0fb74dfaf5d5', '', '', '1-(Ga) Mortuza Building, Dhoniwala Para', 'Chittagong', 'Bangladesh', true, '2026-02-26 16:51:46.587', '2026-02-26 16:51:46.587', NULL, NULL, NULL, 0, 'BDT', NULL, 'COD') ON CONFLICT DO NOTHING;
INSERT INTO public."Customer" (id, code, name, "companyId", email, phone, address, city, country, "isActive", "createdAt", "updatedAt", "balanceType", "contactPerson", "creditLimit", "openingBalance", "preferredCurrency", "tinVat", "paymentTerms") VALUES ('bd048d38-c90b-4445-a5bb-ceec07f74c69', 'CUS-2026-0001', 'Rabbi Enterprize', '844dfd16-f107-4ba1-aba3-48fde1f78865', 'rabbi@gmail.com', '', '', '', '', true, '2026-03-06 23:45:06.601', '2026-03-06 23:45:06.601', 'DR', 'Rabbi', 0, 0, 'USD', '1235485', 'COD') ON CONFLICT DO NOTHING;
INSERT INTO public."Customer" (id, code, name, "companyId", email, phone, address, city, country, "isActive", "createdAt", "updatedAt", "balanceType", "contactPerson", "creditLimit", "openingBalance", "preferredCurrency", "tinVat", "paymentTerms") VALUES ('9f06ed53-2fd0-455f-b02b-bd6cfd4c8d26', 'CUS-2026-0002', 'ABC Diagnostic Centre', '844dfd16-f107-4ba1-aba3-48fde1f78865', '', '', 'H: 80, R: 6, S: 9, Uttara', '', '', true, '2026-03-07 12:41:04.078', '2026-03-07 12:41:04.078', 'DR', '', 0, 0, 'USD', '', 'COD') ON CONFLICT DO NOTHING;


--
-- Data for Name: Employee; Type: TABLE DATA; Schema: public; Owner: -
--

INSERT INTO public."Employee" (id, "employeeCode", "firstName", "lastName", email, phone, designation, department, "joinDate", salary, "companyId", "isActive", "createdAt", "updatedAt", "paymentTerms") VALUES ('e4edb7a8-aad2-4ebc-8b1b-5857cdccb782', 'EMP-0001', 'Fazle', 'Rabbi', NULL, NULL, 'Manager', NULL, NULL, 50000, '844dfd16-f107-4ba1-aba3-48fde1f78865', true, '2026-03-08 12:54:48.203', '2026-03-08 12:54:48.203', 'BANK') ON CONFLICT DO NOTHING;


--
-- Data for Name: JournalEntry; Type: TABLE DATA; Schema: public; Owner: -
--

INSERT INTO public."JournalEntry" (id, "entryNumber", "companyId", date, description, reference, status, "totalDebit", "totalCredit", "createdById", "verifiedById", "approvedById", "rejectedById", "rejectionReason", "verifiedAt", "approvedAt", "createdAt", "updatedAt", "branchId", "currencyId", "exchangeRate") VALUES ('5100beac-d8ef-45f1-8880-2985d725b359', 'JE-2026-0002', 'd9cfb90b-f225-4590-870b-0fb74dfaf5d5', '2026-02-26 00:00:00', 'Capital Investment from owner and cash on hand to bank', NULL, 'APPROVED', 120000, 120000, 'eb4628f2-df31-4276-82b0-7cdc9e7065ea', 'eb4628f2-df31-4276-82b0-7cdc9e7065ea', 'eb4628f2-df31-4276-82b0-7cdc9e7065ea', NULL, NULL, '2026-02-26 16:05:09.585', '2026-02-26 16:05:10.468', '2026-02-26 16:04:51.546', '2026-02-26 16:05:10.47', NULL, NULL, 1) ON CONFLICT DO NOTHING;
INSERT INTO public."JournalEntry" (id, "entryNumber", "companyId", date, description, reference, status, "totalDebit", "totalCredit", "createdById", "verifiedById", "approvedById", "rejectedById", "rejectionReason", "verifiedAt", "approvedAt", "createdAt", "updatedAt", "branchId", "currencyId", "exchangeRate") VALUES ('ce62dca1-cbad-40ec-b287-76c15bb108d3', 'JE-2026-0001', 'd9cfb90b-f225-4590-870b-0fb74dfaf5d5', '2026-02-26 00:00:00', 'Capital Investment from Owner', NULL, 'APPROVED', 100000, 100000, 'eb4628f2-df31-4276-82b0-7cdc9e7065ea', 'eb4628f2-df31-4276-82b0-7cdc9e7065ea', 'eb4628f2-df31-4276-82b0-7cdc9e7065ea', NULL, NULL, '2026-02-26 16:05:11.158', '2026-02-26 16:05:12.041', '2026-02-26 16:03:07.794', '2026-02-26 16:05:12.043', NULL, NULL, 1) ON CONFLICT DO NOTHING;
INSERT INTO public."JournalEntry" (id, "entryNumber", "companyId", date, description, reference, status, "totalDebit", "totalCredit", "createdById", "verifiedById", "approvedById", "rejectedById", "rejectionReason", "verifiedAt", "approvedAt", "createdAt", "updatedAt", "branchId", "currencyId", "exchangeRate") VALUES ('89686804-defa-4bb2-841e-55e70e6557e7', 'JE-2026-0003', 'd9cfb90b-f225-4590-870b-0fb74dfaf5d5', '2026-02-26 00:00:00', 'Sale software on credit and cash and bank', NULL, 'APPROVED', 10000, 10000, 'eb4628f2-df31-4276-82b0-7cdc9e7065ea', 'eb4628f2-df31-4276-82b0-7cdc9e7065ea', 'eb4628f2-df31-4276-82b0-7cdc9e7065ea', NULL, NULL, '2026-02-26 16:11:24.517', '2026-02-26 16:11:25.293', '2026-02-26 16:11:22.905', '2026-02-26 16:11:25.298', NULL, NULL, 1) ON CONFLICT DO NOTHING;
INSERT INTO public."JournalEntry" (id, "entryNumber", "companyId", date, description, reference, status, "totalDebit", "totalCredit", "createdById", "verifiedById", "approvedById", "rejectedById", "rejectionReason", "verifiedAt", "approvedAt", "createdAt", "updatedAt", "branchId", "currencyId", "exchangeRate") VALUES ('1c5c8438-e9a1-4339-b555-664614f5ec53', 'JE-2026-0004', 'd9cfb90b-f225-4590-870b-0fb74dfaf5d5', '2026-02-26 00:00:00', 'Purchase Accessories on AP and cash', NULL, 'APPROVED', 1000, 1000, 'eb4628f2-df31-4276-82b0-7cdc9e7065ea', 'eb4628f2-df31-4276-82b0-7cdc9e7065ea', 'eb4628f2-df31-4276-82b0-7cdc9e7065ea', NULL, NULL, '2026-02-26 16:13:13.5', '2026-02-26 16:13:14.117', '2026-02-26 16:13:11.248', '2026-02-26 16:13:14.122', NULL, NULL, 1) ON CONFLICT DO NOTHING;
INSERT INTO public."JournalEntry" (id, "entryNumber", "companyId", date, description, reference, status, "totalDebit", "totalCredit", "createdById", "verifiedById", "approvedById", "rejectedById", "rejectionReason", "verifiedAt", "approvedAt", "createdAt", "updatedAt", "branchId", "currencyId", "exchangeRate") VALUES ('ee18bdb5-0302-45d4-8060-e6f3976ff08f', 'JE-2026-0005', 'd9cfb90b-f225-4590-870b-0fb74dfaf5d5', '2026-03-02 00:00:00', '', NULL, 'APPROVED', 0, 0, 'eb4628f2-df31-4276-82b0-7cdc9e7065ea', 'eb4628f2-df31-4276-82b0-7cdc9e7065ea', 'eb4628f2-df31-4276-82b0-7cdc9e7065ea', NULL, NULL, '2026-03-02 13:33:04.557', '2026-03-02 13:33:05.115', '2026-03-02 13:33:02.158', '2026-03-02 13:33:05.12', NULL, NULL, 1) ON CONFLICT DO NOTHING;
INSERT INTO public."JournalEntry" (id, "entryNumber", "companyId", date, description, reference, status, "totalDebit", "totalCredit", "createdById", "verifiedById", "approvedById", "rejectedById", "rejectionReason", "verifiedAt", "approvedAt", "createdAt", "updatedAt", "branchId", "currencyId", "exchangeRate") VALUES ('54a0005c-d285-4cd7-88e8-9c9f78983223', 'JE-2026-0006', '844dfd16-f107-4ba1-aba3-48fde1f78865', '2026-03-07 00:00:00', '', NULL, 'APPROVED', 100000, 100000, '966eaf0b-cf21-48d6-8f6f-e47ead08abbe', '966eaf0b-cf21-48d6-8f6f-e47ead08abbe', '966eaf0b-cf21-48d6-8f6f-e47ead08abbe', NULL, NULL, '2026-03-07 00:16:39.576', '2026-03-07 00:21:15.541', '2026-03-07 00:16:18.345', '2026-03-07 00:21:15.546', NULL, NULL, 1) ON CONFLICT DO NOTHING;
INSERT INTO public."JournalEntry" (id, "entryNumber", "companyId", date, description, reference, status, "totalDebit", "totalCredit", "createdById", "verifiedById", "approvedById", "rejectedById", "rejectionReason", "verifiedAt", "approvedAt", "createdAt", "updatedAt", "branchId", "currencyId", "exchangeRate") VALUES ('bea32549-3fe2-4be4-ba55-256941be20d3', 'JE-2026-0007', '844dfd16-f107-4ba1-aba3-48fde1f78865', '2026-03-07 00:00:00', 'Deposit to bank', NULL, 'APPROVED', 50000, 50000, '966eaf0b-cf21-48d6-8f6f-e47ead08abbe', '966eaf0b-cf21-48d6-8f6f-e47ead08abbe', '966eaf0b-cf21-48d6-8f6f-e47ead08abbe', NULL, NULL, '2026-03-07 00:22:04.662', '2026-03-07 10:50:59.291', '2026-03-07 00:22:01.795', '2026-03-07 10:50:59.292', NULL, NULL, 1) ON CONFLICT DO NOTHING;
INSERT INTO public."JournalEntry" (id, "entryNumber", "companyId", date, description, reference, status, "totalDebit", "totalCredit", "createdById", "verifiedById", "approvedById", "rejectedById", "rejectionReason", "verifiedAt", "approvedAt", "createdAt", "updatedAt", "branchId", "currencyId", "exchangeRate") VALUES ('af119a7c-7024-4abd-ac01-506c3888feda', 'JE-2026-0008', '844dfd16-f107-4ba1-aba3-48fde1f78865', '2026-03-07 00:00:00', 'Pay rent on cash', NULL, 'APPROVED', 5000, 5000, '966eaf0b-cf21-48d6-8f6f-e47ead08abbe', '966eaf0b-cf21-48d6-8f6f-e47ead08abbe', '966eaf0b-cf21-48d6-8f6f-e47ead08abbe', '966eaf0b-cf21-48d6-8f6f-e47ead08abbe', 'No reason', '2026-03-07 13:01:26.725', '2026-03-07 13:01:27.898', '2026-03-07 13:00:59.332', '2026-03-07 13:01:27.901', NULL, NULL, 1) ON CONFLICT DO NOTHING;
INSERT INTO public."JournalEntry" (id, "entryNumber", "companyId", date, description, reference, status, "totalDebit", "totalCredit", "createdById", "verifiedById", "approvedById", "rejectedById", "rejectionReason", "verifiedAt", "approvedAt", "createdAt", "updatedAt", "branchId", "currencyId", "exchangeRate") VALUES ('0ad11410-f434-482f-a367-c04281c11f26', 'JE-2026-0009', '844dfd16-f107-4ba1-aba3-48fde1f78865', '2026-03-08 00:00:00', 'CONVEYANCE - Fazle Rabbi - ', NULL, 'APPROVED', 0, 0, '966eaf0b-cf21-48d6-8f6f-e47ead08abbe', NULL, NULL, NULL, NULL, NULL, NULL, '2026-03-08 13:00:49.239', '2026-03-08 13:00:49.239', NULL, NULL, 1) ON CONFLICT DO NOTHING;
INSERT INTO public."JournalEntry" (id, "entryNumber", "companyId", date, description, reference, status, "totalDebit", "totalCredit", "createdById", "verifiedById", "approvedById", "rejectedById", "rejectionReason", "verifiedAt", "approvedAt", "createdAt", "updatedAt", "branchId", "currencyId", "exchangeRate") VALUES ('10889523-695a-4beb-b38e-067353c54269', 'JE-2026-0010', '844dfd16-f107-4ba1-aba3-48fde1f78865', '2026-03-08 00:00:00', 'Employee Loan for Fazle Rabbi - ', NULL, 'APPROVED', 0, 0, '966eaf0b-cf21-48d6-8f6f-e47ead08abbe', NULL, NULL, NULL, NULL, NULL, NULL, '2026-03-08 13:00:53.062', '2026-03-08 13:00:53.062', NULL, NULL, 1) ON CONFLICT DO NOTHING;
INSERT INTO public."JournalEntry" (id, "entryNumber", "companyId", date, description, reference, status, "totalDebit", "totalCredit", "createdById", "verifiedById", "approvedById", "rejectedById", "rejectionReason", "verifiedAt", "approvedAt", "createdAt", "updatedAt", "branchId", "currencyId", "exchangeRate") VALUES ('c7a6f1f4-4853-4d20-a835-50d767576606', 'JE-2026-0011', '844dfd16-f107-4ba1-aba3-48fde1f78865', '2026-03-08 00:00:00', 'Advance for Fazle Rabbi - ', NULL, 'APPROVED', 0, 0, '966eaf0b-cf21-48d6-8f6f-e47ead08abbe', NULL, NULL, NULL, NULL, NULL, NULL, '2026-03-08 13:00:56.804', '2026-03-08 13:00:56.804', NULL, NULL, 1) ON CONFLICT DO NOTHING;
INSERT INTO public."JournalEntry" (id, "entryNumber", "companyId", date, description, reference, status, "totalDebit", "totalCredit", "createdById", "verifiedById", "approvedById", "rejectedById", "rejectionReason", "verifiedAt", "approvedAt", "createdAt", "updatedAt", "branchId", "currencyId", "exchangeRate") VALUES ('fa9a1daa-c71c-41da-9ecc-6f3f4d41cf9a', 'JE-2026-0012', '844dfd16-f107-4ba1-aba3-48fde1f78865', '2026-03-08 00:00:00', 'Advance for Fazle Rabbi - ', NULL, 'APPROVED', 0, 0, '966eaf0b-cf21-48d6-8f6f-e47ead08abbe', NULL, NULL, NULL, NULL, NULL, NULL, '2026-03-08 13:02:07.36', '2026-03-08 13:02:07.36', NULL, NULL, 1) ON CONFLICT DO NOTHING;
INSERT INTO public."JournalEntry" (id, "entryNumber", "companyId", date, description, reference, status, "totalDebit", "totalCredit", "createdById", "verifiedById", "approvedById", "rejectedById", "rejectionReason", "verifiedAt", "approvedAt", "createdAt", "updatedAt", "branchId", "currencyId", "exchangeRate") VALUES ('8a968fd0-61df-48bf-bfa4-dfdddca8c459', 'JE-2026-0013', '844dfd16-f107-4ba1-aba3-48fde1f78865', '2026-03-08 00:00:00', 'BONUS - Fazle Rabbi - ', NULL, 'APPROVED', 500, 500, '966eaf0b-cf21-48d6-8f6f-e47ead08abbe', NULL, NULL, NULL, NULL, NULL, NULL, '2026-03-08 13:07:07.046', '2026-03-08 13:07:07.046', NULL, NULL, 1) ON CONFLICT DO NOTHING;


--
-- Data for Name: EmployeeAdvance; Type: TABLE DATA; Schema: public; Owner: -
--

INSERT INTO public."EmployeeAdvance" (id, "employeeId", amount, purpose, date, status, "paymentMethod", "accountId", "journalEntryId", "companyId", "createdAt", "updatedAt") VALUES ('b9e73b6a-1520-4529-85f4-a8e9cc3848ed', 'e4edb7a8-aad2-4ebc-8b1b-5857cdccb782', 5000, '', '2026-03-08 00:00:00', 'APPROVED', 'CASH', NULL, 'c7a6f1f4-4853-4d20-a835-50d767576606', '844dfd16-f107-4ba1-aba3-48fde1f78865', '2026-03-08 12:55:01.837', '2026-03-08 13:00:56.808') ON CONFLICT DO NOTHING;
INSERT INTO public."EmployeeAdvance" (id, "employeeId", amount, purpose, date, status, "paymentMethod", "accountId", "journalEntryId", "companyId", "createdAt", "updatedAt") VALUES ('34d36a90-704d-4539-a710-cb82036364e7', 'e4edb7a8-aad2-4ebc-8b1b-5857cdccb782', 500, '', '2026-03-08 00:00:00', 'APPROVED', 'CASH', NULL, 'fa9a1daa-c71c-41da-9ecc-6f3f4d41cf9a', '844dfd16-f107-4ba1-aba3-48fde1f78865', '2026-03-08 13:02:04.5', '2026-03-08 13:02:07.367') ON CONFLICT DO NOTHING;


--
-- Data for Name: EmployeeExpense; Type: TABLE DATA; Schema: public; Owner: -
--

INSERT INTO public."EmployeeExpense" (id, "employeeId", amount, description, category, date, status, "paymentMethod", "accountId", "journalEntryId", "companyId", "createdAt", "updatedAt") VALUES ('cf98531e-cb10-4a8b-99f3-1321b5f1ce79', 'e4edb7a8-aad2-4ebc-8b1b-5857cdccb782', 500, '', 'CONVEYANCE', '2026-03-08 00:00:00', 'APPROVED', 'CASH', NULL, '0ad11410-f434-482f-a367-c04281c11f26', '844dfd16-f107-4ba1-aba3-48fde1f78865', '2026-03-08 12:56:20.926', '2026-03-08 13:00:49.26') ON CONFLICT DO NOTHING;
INSERT INTO public."EmployeeExpense" (id, "employeeId", amount, description, category, date, status, "paymentMethod", "accountId", "journalEntryId", "companyId", "createdAt", "updatedAt") VALUES ('23d36c2a-00ed-4369-9cb0-7ed45c9e29dd', 'e4edb7a8-aad2-4ebc-8b1b-5857cdccb782', 500, '', 'BONUS', '2026-03-08 00:00:00', 'APPROVED', 'CASH', NULL, '8a968fd0-61df-48bf-bfa4-dfdddca8c459', '844dfd16-f107-4ba1-aba3-48fde1f78865', '2026-03-08 13:07:04.892', '2026-03-08 13:07:07.057') ON CONFLICT DO NOTHING;


--
-- Data for Name: EmployeeLoan; Type: TABLE DATA; Schema: public; Owner: -
--

INSERT INTO public."EmployeeLoan" (id, "employeeId", "principalAmount", "interestRate", "interestAmount", "totalAmount", installments, "startDate", purpose, status, "companyId", "createdAt", "updatedAt") VALUES ('95a1096e-9894-46e9-971e-b36828224688', 'e4edb7a8-aad2-4ebc-8b1b-5857cdccb782', 5000, 0, 0, 5000, 5, '2026-03-08 00:00:00', '', 'ACTIVE', '844dfd16-f107-4ba1-aba3-48fde1f78865', '2026-03-08 12:55:54.417', '2026-03-08 13:00:53.067') ON CONFLICT DO NOTHING;


--
-- Data for Name: EmployeeLoanRepayment; Type: TABLE DATA; Schema: public; Owner: -
--



--
-- Data for Name: ExchangeRate; Type: TABLE DATA; Schema: public; Owner: -
--



--
-- Data for Name: Invoice; Type: TABLE DATA; Schema: public; Owner: -
--



--
-- Data for Name: Product; Type: TABLE DATA; Schema: public; Owner: -
--

INSERT INTO public."Product" (id, code, name, "companyId", sku, description, "unitPrice", "isActive", "createdAt", "updatedAt", currency, "exchangeRate", "priceBDT") VALUES ('03137186-a6d2-4f3b-8ca6-623a7d05ab73', 'PRD-2026-0001', 'Paper', '844dfd16-f107-4ba1-aba3-48fde1f78865', 'PP001', 'White paper 1 reem', 100, true, '2026-03-06 23:27:36.988', '2026-03-06 23:27:36.988', 'BDT', 1, 0) ON CONFLICT DO NOTHING;
INSERT INTO public."Product" (id, code, name, "companyId", sku, description, "unitPrice", "isActive", "createdAt", "updatedAt", currency, "exchangeRate", "priceBDT") VALUES ('6589f750-a28d-4be9-ba4d-f2e8d18cfe95', 'PRD-2026-0002', 'Pencil', '844dfd16-f107-4ba1-aba3-48fde1f78865', 'TS0004', '', 15, true, '2026-03-07 12:40:20.335', '2026-03-07 12:40:20.335', 'BDT', 1, 0) ON CONFLICT DO NOTHING;


--
-- Data for Name: InvoiceLine; Type: TABLE DATA; Schema: public; Owner: -
--



--
-- Data for Name: Project; Type: TABLE DATA; Schema: public; Owner: -
--



--
-- Data for Name: JournalEntryLine; Type: TABLE DATA; Schema: public; Owner: -
--

INSERT INTO public."JournalEntryLine" (id, "journalEntryId", "accountId", debit, credit, description, "branchId", "costCenterId", "customerId", "projectId", "vendorId", "creditBase", "creditForeign", "debitBase", "debitForeign", "exchangeRate", reconciled, "reconciledAt") VALUES ('5b34a1a0-3178-454b-bd4a-4d0e4ef0ed9e', 'ce62dca1-cbad-40ec-b287-76c15bb108d3', '5eb3fd21-446f-4041-b1b6-e74c15563f2d', 100000, 0, '', NULL, NULL, NULL, NULL, NULL, 0, 0, 100000, 100000, 1, false, NULL) ON CONFLICT DO NOTHING;
INSERT INTO public."JournalEntryLine" (id, "journalEntryId", "accountId", debit, credit, description, "branchId", "costCenterId", "customerId", "projectId", "vendorId", "creditBase", "creditForeign", "debitBase", "debitForeign", "exchangeRate", reconciled, "reconciledAt") VALUES ('589965b4-6ed2-4ada-a255-c4bba9575392', 'ce62dca1-cbad-40ec-b287-76c15bb108d3', 'ef129bd0-1b75-44b4-a84e-be3e20b85ce4', 0, 100000, '', NULL, NULL, NULL, NULL, NULL, 100000, 100000, 0, 0, 1, false, NULL) ON CONFLICT DO NOTHING;
INSERT INTO public."JournalEntryLine" (id, "journalEntryId", "accountId", debit, credit, description, "branchId", "costCenterId", "customerId", "projectId", "vendorId", "creditBase", "creditForeign", "debitBase", "debitForeign", "exchangeRate", reconciled, "reconciledAt") VALUES ('4775ae47-79b1-4f6e-b07f-644b2df263e9', '5100beac-d8ef-45f1-8880-2985d725b359', '4f54de14-e2eb-4184-a539-4433213fddc2', 120000, 0, '', NULL, NULL, NULL, NULL, NULL, 0, 0, 120000, 120000, 1, false, NULL) ON CONFLICT DO NOTHING;
INSERT INTO public."JournalEntryLine" (id, "journalEntryId", "accountId", debit, credit, description, "branchId", "costCenterId", "customerId", "projectId", "vendorId", "creditBase", "creditForeign", "debitBase", "debitForeign", "exchangeRate", reconciled, "reconciledAt") VALUES ('5f182cae-6254-42b9-b648-96d30f544eea', '5100beac-d8ef-45f1-8880-2985d725b359', '5eb3fd21-446f-4041-b1b6-e74c15563f2d', 0, 20000, '', NULL, NULL, NULL, NULL, NULL, 20000, 20000, 0, 0, 1, false, NULL) ON CONFLICT DO NOTHING;
INSERT INTO public."JournalEntryLine" (id, "journalEntryId", "accountId", debit, credit, description, "branchId", "costCenterId", "customerId", "projectId", "vendorId", "creditBase", "creditForeign", "debitBase", "debitForeign", "exchangeRate", reconciled, "reconciledAt") VALUES ('c15bb979-4ec7-412a-84b3-55517ee2d748', '5100beac-d8ef-45f1-8880-2985d725b359', 'ef129bd0-1b75-44b4-a84e-be3e20b85ce4', 0, 100000, '', NULL, NULL, NULL, NULL, NULL, 100000, 100000, 0, 0, 1, false, NULL) ON CONFLICT DO NOTHING;
INSERT INTO public."JournalEntryLine" (id, "journalEntryId", "accountId", debit, credit, description, "branchId", "costCenterId", "customerId", "projectId", "vendorId", "creditBase", "creditForeign", "debitBase", "debitForeign", "exchangeRate", reconciled, "reconciledAt") VALUES ('d518f91a-b938-4225-86f5-17a8a7b1962d', '89686804-defa-4bb2-841e-55e70e6557e7', '29fa573e-40d1-44d8-9f18-51bb0b6d7ed2', 1000, 0, '', NULL, NULL, NULL, NULL, NULL, 0, 0, 1000, 1000, 1, false, NULL) ON CONFLICT DO NOTHING;
INSERT INTO public."JournalEntryLine" (id, "journalEntryId", "accountId", debit, credit, description, "branchId", "costCenterId", "customerId", "projectId", "vendorId", "creditBase", "creditForeign", "debitBase", "debitForeign", "exchangeRate", reconciled, "reconciledAt") VALUES ('6e3ba7b7-8381-42db-8546-3e8560b38ef0', '89686804-defa-4bb2-841e-55e70e6557e7', '5eb3fd21-446f-4041-b1b6-e74c15563f2d', 4000, 0, '', NULL, NULL, NULL, NULL, NULL, 0, 0, 4000, 4000, 1, false, NULL) ON CONFLICT DO NOTHING;
INSERT INTO public."JournalEntryLine" (id, "journalEntryId", "accountId", debit, credit, description, "branchId", "costCenterId", "customerId", "projectId", "vendorId", "creditBase", "creditForeign", "debitBase", "debitForeign", "exchangeRate", reconciled, "reconciledAt") VALUES ('9af3dfee-9321-442e-b9d6-e0932a3e49f6', '89686804-defa-4bb2-841e-55e70e6557e7', '4f54de14-e2eb-4184-a539-4433213fddc2', 5000, 0, '', NULL, NULL, NULL, NULL, NULL, 0, 0, 5000, 5000, 1, false, NULL) ON CONFLICT DO NOTHING;
INSERT INTO public."JournalEntryLine" (id, "journalEntryId", "accountId", debit, credit, description, "branchId", "costCenterId", "customerId", "projectId", "vendorId", "creditBase", "creditForeign", "debitBase", "debitForeign", "exchangeRate", reconciled, "reconciledAt") VALUES ('34526c88-12f4-4605-adbc-7527b717b789', '89686804-defa-4bb2-841e-55e70e6557e7', 'ab63de84-8574-4726-8620-86d8810ba42b', 0, 10000, '', NULL, NULL, NULL, NULL, NULL, 10000, 10000, 0, 0, 1, false, NULL) ON CONFLICT DO NOTHING;
INSERT INTO public."JournalEntryLine" (id, "journalEntryId", "accountId", debit, credit, description, "branchId", "costCenterId", "customerId", "projectId", "vendorId", "creditBase", "creditForeign", "debitBase", "debitForeign", "exchangeRate", reconciled, "reconciledAt") VALUES ('1c01b3be-6bda-45fe-a180-dd26c22d7d5a', '1c5c8438-e9a1-4339-b555-664614f5ec53', '5eb3fd21-446f-4041-b1b6-e74c15563f2d', 0, 400, '', NULL, NULL, NULL, NULL, NULL, 400, 400, 0, 0, 1, false, NULL) ON CONFLICT DO NOTHING;
INSERT INTO public."JournalEntryLine" (id, "journalEntryId", "accountId", debit, credit, description, "branchId", "costCenterId", "customerId", "projectId", "vendorId", "creditBase", "creditForeign", "debitBase", "debitForeign", "exchangeRate", reconciled, "reconciledAt") VALUES ('d4149e90-e654-4e70-ba06-3c8337066ddc', '1c5c8438-e9a1-4339-b555-664614f5ec53', '494cabf2-2e89-47d2-8eb6-76977f35fb43', 0, 600, '', NULL, NULL, NULL, NULL, NULL, 600, 600, 0, 0, 1, false, NULL) ON CONFLICT DO NOTHING;
INSERT INTO public."JournalEntryLine" (id, "journalEntryId", "accountId", debit, credit, description, "branchId", "costCenterId", "customerId", "projectId", "vendorId", "creditBase", "creditForeign", "debitBase", "debitForeign", "exchangeRate", reconciled, "reconciledAt") VALUES ('ebb95c45-9265-4309-b586-e2ff23fcc6a4', '1c5c8438-e9a1-4339-b555-664614f5ec53', '2dd64544-dc29-4d28-8f1b-6e7fe93a626e', 1000, 0, '', NULL, NULL, NULL, NULL, NULL, 0, 0, 1000, 1000, 1, false, NULL) ON CONFLICT DO NOTHING;
INSERT INTO public."JournalEntryLine" (id, "journalEntryId", "accountId", debit, credit, description, "branchId", "costCenterId", "customerId", "projectId", "vendorId", "creditBase", "creditForeign", "debitBase", "debitForeign", "exchangeRate", reconciled, "reconciledAt") VALUES ('eddaf762-ebc3-4373-b81e-d78cb72d6bdc', 'ee18bdb5-0302-45d4-8060-e6f3976ff08f', '2dd64544-dc29-4d28-8f1b-6e7fe93a626e', 0, 0, '', NULL, NULL, NULL, NULL, NULL, 0, 0, 0, 0, 1, false, NULL) ON CONFLICT DO NOTHING;
INSERT INTO public."JournalEntryLine" (id, "journalEntryId", "accountId", debit, credit, description, "branchId", "costCenterId", "customerId", "projectId", "vendorId", "creditBase", "creditForeign", "debitBase", "debitForeign", "exchangeRate", reconciled, "reconciledAt") VALUES ('0803f983-078c-4549-a4f7-8037f614db4f', 'ee18bdb5-0302-45d4-8060-e6f3976ff08f', '3287788f-6004-4d28-81c5-d30afef8fb82', 0, 0, '', NULL, NULL, NULL, NULL, NULL, 0, 0, 0, 0, 1, false, NULL) ON CONFLICT DO NOTHING;
INSERT INTO public."JournalEntryLine" (id, "journalEntryId", "accountId", debit, credit, description, "branchId", "costCenterId", "customerId", "projectId", "vendorId", "creditBase", "creditForeign", "debitBase", "debitForeign", "exchangeRate", reconciled, "reconciledAt") VALUES ('6701b967-32ce-4b5b-a503-48f054a24a66', '54a0005c-d285-4cd7-88e8-9c9f78983223', 'a7ebbf80-d21e-4be9-b4f9-f727a3d10bcd', 100000, 0, '', NULL, NULL, NULL, NULL, NULL, 0, 0, 100000, 100000, 1, false, NULL) ON CONFLICT DO NOTHING;
INSERT INTO public."JournalEntryLine" (id, "journalEntryId", "accountId", debit, credit, description, "branchId", "costCenterId", "customerId", "projectId", "vendorId", "creditBase", "creditForeign", "debitBase", "debitForeign", "exchangeRate", reconciled, "reconciledAt") VALUES ('67b25272-b435-4c9a-9685-a515380891ba', '54a0005c-d285-4cd7-88e8-9c9f78983223', 'f3a4a406-f700-4829-8168-8a306be9bd8e', 0, 100000, '', NULL, NULL, NULL, NULL, NULL, 100000, 100000, 0, 0, 1, false, NULL) ON CONFLICT DO NOTHING;
INSERT INTO public."JournalEntryLine" (id, "journalEntryId", "accountId", debit, credit, description, "branchId", "costCenterId", "customerId", "projectId", "vendorId", "creditBase", "creditForeign", "debitBase", "debitForeign", "exchangeRate", reconciled, "reconciledAt") VALUES ('7a36b023-9135-44a9-8041-8b2937bbfa83', 'bea32549-3fe2-4be4-ba55-256941be20d3', '3930db31-3397-4af5-8ab1-7a320aefedec', 50000, 0, '', NULL, NULL, NULL, NULL, NULL, 0, 0, 50000, 50000, 1, false, NULL) ON CONFLICT DO NOTHING;
INSERT INTO public."JournalEntryLine" (id, "journalEntryId", "accountId", debit, credit, description, "branchId", "costCenterId", "customerId", "projectId", "vendorId", "creditBase", "creditForeign", "debitBase", "debitForeign", "exchangeRate", reconciled, "reconciledAt") VALUES ('5f8ed2af-fe4a-4d4d-b56b-ece8f613272c', 'bea32549-3fe2-4be4-ba55-256941be20d3', 'a7ebbf80-d21e-4be9-b4f9-f727a3d10bcd', 0, 50000, '', NULL, NULL, NULL, NULL, NULL, 50000, 50000, 0, 0, 1, false, NULL) ON CONFLICT DO NOTHING;
INSERT INTO public."JournalEntryLine" (id, "journalEntryId", "accountId", debit, credit, description, "branchId", "costCenterId", "customerId", "projectId", "vendorId", "creditBase", "creditForeign", "debitBase", "debitForeign", "exchangeRate", reconciled, "reconciledAt") VALUES ('5b164f22-e314-4ecd-8496-e8050b57d3be', 'af119a7c-7024-4abd-ac01-506c3888feda', '0fb576a0-4127-4174-9811-d549a1ec9b39', 5000, 0, '', NULL, NULL, NULL, NULL, NULL, 0, 0, 5000, 5000, 1, false, NULL) ON CONFLICT DO NOTHING;
INSERT INTO public."JournalEntryLine" (id, "journalEntryId", "accountId", debit, credit, description, "branchId", "costCenterId", "customerId", "projectId", "vendorId", "creditBase", "creditForeign", "debitBase", "debitForeign", "exchangeRate", reconciled, "reconciledAt") VALUES ('8fee7c72-4950-4e54-9af2-e739dbe79a4e', 'af119a7c-7024-4abd-ac01-506c3888feda', 'a7ebbf80-d21e-4be9-b4f9-f727a3d10bcd', 0, 5000, '', NULL, NULL, NULL, NULL, NULL, 5000, 5000, 0, 0, 1, false, NULL) ON CONFLICT DO NOTHING;
INSERT INTO public."JournalEntryLine" (id, "journalEntryId", "accountId", debit, credit, description, "branchId", "costCenterId", "customerId", "projectId", "vendorId", "creditBase", "creditForeign", "debitBase", "debitForeign", "exchangeRate", reconciled, "reconciledAt") VALUES ('101e46fa-4b41-4484-95d8-344804fe72d3', '0ad11410-f434-482f-a367-c04281c11f26', '7320b923-9946-4ace-a1f3-4691de3448c9', 500, 0, NULL, NULL, NULL, NULL, NULL, NULL, 0, 0, 0, 0, 1, false, NULL) ON CONFLICT DO NOTHING;
INSERT INTO public."JournalEntryLine" (id, "journalEntryId", "accountId", debit, credit, description, "branchId", "costCenterId", "customerId", "projectId", "vendorId", "creditBase", "creditForeign", "debitBase", "debitForeign", "exchangeRate", reconciled, "reconciledAt") VALUES ('403ccce2-8ec5-45f1-924d-5e248ccf2a29', '0ad11410-f434-482f-a367-c04281c11f26', 'a7ebbf80-d21e-4be9-b4f9-f727a3d10bcd', 0, 500, NULL, NULL, NULL, NULL, NULL, NULL, 0, 0, 0, 0, 1, false, NULL) ON CONFLICT DO NOTHING;
INSERT INTO public."JournalEntryLine" (id, "journalEntryId", "accountId", debit, credit, description, "branchId", "costCenterId", "customerId", "projectId", "vendorId", "creditBase", "creditForeign", "debitBase", "debitForeign", "exchangeRate", reconciled, "reconciledAt") VALUES ('9f0bfb33-04d9-46e4-9894-f9ba674c06e4', '10889523-695a-4beb-b38e-067353c54269', 'a7ebbf80-d21e-4be9-b4f9-f727a3d10bcd', 5000, 0, NULL, NULL, NULL, NULL, NULL, NULL, 0, 0, 0, 0, 1, false, NULL) ON CONFLICT DO NOTHING;
INSERT INTO public."JournalEntryLine" (id, "journalEntryId", "accountId", debit, credit, description, "branchId", "costCenterId", "customerId", "projectId", "vendorId", "creditBase", "creditForeign", "debitBase", "debitForeign", "exchangeRate", reconciled, "reconciledAt") VALUES ('f9e0779b-2de1-4588-946b-8636579be2c2', '10889523-695a-4beb-b38e-067353c54269', 'a7ebbf80-d21e-4be9-b4f9-f727a3d10bcd', 0, 5000, NULL, NULL, NULL, NULL, NULL, NULL, 0, 0, 0, 0, 1, false, NULL) ON CONFLICT DO NOTHING;
INSERT INTO public."JournalEntryLine" (id, "journalEntryId", "accountId", debit, credit, description, "branchId", "costCenterId", "customerId", "projectId", "vendorId", "creditBase", "creditForeign", "debitBase", "debitForeign", "exchangeRate", reconciled, "reconciledAt") VALUES ('14ebbac5-01fe-4f09-9446-3d7184e39934', 'c7a6f1f4-4853-4d20-a835-50d767576606', 'c6eb57c5-5cdb-4133-9da1-2aacf04cb078', 5000, 0, NULL, NULL, NULL, NULL, NULL, NULL, 0, 0, 0, 0, 1, false, NULL) ON CONFLICT DO NOTHING;
INSERT INTO public."JournalEntryLine" (id, "journalEntryId", "accountId", debit, credit, description, "branchId", "costCenterId", "customerId", "projectId", "vendorId", "creditBase", "creditForeign", "debitBase", "debitForeign", "exchangeRate", reconciled, "reconciledAt") VALUES ('ddd243b1-8ff7-4397-9d7d-1ce630e1cb91', 'c7a6f1f4-4853-4d20-a835-50d767576606', 'a7ebbf80-d21e-4be9-b4f9-f727a3d10bcd', 0, 5000, NULL, NULL, NULL, NULL, NULL, NULL, 0, 0, 0, 0, 1, false, NULL) ON CONFLICT DO NOTHING;
INSERT INTO public."JournalEntryLine" (id, "journalEntryId", "accountId", debit, credit, description, "branchId", "costCenterId", "customerId", "projectId", "vendorId", "creditBase", "creditForeign", "debitBase", "debitForeign", "exchangeRate", reconciled, "reconciledAt") VALUES ('8f5961bf-26a1-45f6-8af2-43b6c6de9dfc', 'fa9a1daa-c71c-41da-9ecc-6f3f4d41cf9a', 'c6eb57c5-5cdb-4133-9da1-2aacf04cb078', 500, 0, NULL, NULL, NULL, NULL, NULL, NULL, 0, 0, 0, 0, 1, false, NULL) ON CONFLICT DO NOTHING;
INSERT INTO public."JournalEntryLine" (id, "journalEntryId", "accountId", debit, credit, description, "branchId", "costCenterId", "customerId", "projectId", "vendorId", "creditBase", "creditForeign", "debitBase", "debitForeign", "exchangeRate", reconciled, "reconciledAt") VALUES ('0da34d50-3267-4d08-9b19-8302c05f3764', 'fa9a1daa-c71c-41da-9ecc-6f3f4d41cf9a', 'a7ebbf80-d21e-4be9-b4f9-f727a3d10bcd', 0, 500, NULL, NULL, NULL, NULL, NULL, NULL, 0, 0, 0, 0, 1, false, NULL) ON CONFLICT DO NOTHING;
INSERT INTO public."JournalEntryLine" (id, "journalEntryId", "accountId", debit, credit, description, "branchId", "costCenterId", "customerId", "projectId", "vendorId", "creditBase", "creditForeign", "debitBase", "debitForeign", "exchangeRate", reconciled, "reconciledAt") VALUES ('6adb62b1-93a3-4948-9f6b-3ffac9f8ec38', '8a968fd0-61df-48bf-bfa4-dfdddca8c459', '2d3548b7-a738-4e63-b2d7-ecc2a645d495', 500, 0, NULL, NULL, NULL, NULL, NULL, NULL, 0, 0, 500, 500, 1, false, NULL) ON CONFLICT DO NOTHING;
INSERT INTO public."JournalEntryLine" (id, "journalEntryId", "accountId", debit, credit, description, "branchId", "costCenterId", "customerId", "projectId", "vendorId", "creditBase", "creditForeign", "debitBase", "debitForeign", "exchangeRate", reconciled, "reconciledAt") VALUES ('046dc1ce-79a3-4845-bcdc-f34622c65525', '8a968fd0-61df-48bf-bfa4-dfdddca8c459', 'a7ebbf80-d21e-4be9-b4f9-f727a3d10bcd', 0, 500, NULL, NULL, NULL, NULL, NULL, NULL, 500, 500, 0, 0, 1, false, NULL) ON CONFLICT DO NOTHING;


--
-- Data for Name: LC; Type: TABLE DATA; Schema: public; Owner: -
--

INSERT INTO public."LC" (id, "companyId", "lcNumber", "bankName", amount, currency, "issueDate", "expiryDate", status, type, description, "createdAt", "updatedAt", "conversionRate", "customerId", "loanType", "loanValue", "receivedDate", "bankBranch", "portOfDestination", "portOfLoading", "shipmentDate", "vendorId", "vesselName") VALUES ('ee00a3d1-5682-49f5-9675-a61f05d27015', 'd9cfb90b-f225-4590-870b-0fb74dfaf5d5', 'L123456', 'AB Bank', 1080, 'USD', '2026-03-01 00:00:00', '2026-06-29 00:00:00', 'CLOSED', 'IMPORT', NULL, '2026-03-01 13:13:21.174', '2026-03-01 13:14:50.614', 121, 'aedaffc2-a141-4439-8095-cdf68dd8fc8b', 'PERCENTAGE', 90, '2026-03-01 00:00:00', NULL, NULL, NULL, NULL, NULL, NULL) ON CONFLICT DO NOTHING;
INSERT INTO public."LC" (id, "companyId", "lcNumber", "bankName", amount, currency, "issueDate", "expiryDate", status, type, description, "createdAt", "updatedAt", "conversionRate", "customerId", "loanType", "loanValue", "receivedDate", "bankBranch", "portOfDestination", "portOfLoading", "shipmentDate", "vendorId", "vesselName") VALUES ('0dea4c86-ff4f-4a76-a698-b3bec7af16f4', 'd9cfb90b-f225-4590-870b-0fb74dfaf5d5', 'L7894566', 'AB Bank', 2000, 'USD', '2026-03-01 00:00:00', '2026-07-30 00:00:00', 'OPEN', 'IMPORT', NULL, '2026-03-01 13:21:32.43', '2026-03-01 13:21:32.43', 122, 'aedaffc2-a141-4439-8095-cdf68dd8fc8b', 'PERCENTAGE', 85, NULL, NULL, NULL, NULL, NULL, NULL, NULL) ON CONFLICT DO NOTHING;
INSERT INTO public."LC" (id, "companyId", "lcNumber", "bankName", amount, currency, "issueDate", "expiryDate", status, type, description, "createdAt", "updatedAt", "conversionRate", "customerId", "loanType", "loanValue", "receivedDate", "bankBranch", "portOfDestination", "portOfLoading", "shipmentDate", "vendorId", "vesselName") VALUES ('78a50cc5-06f7-409e-b00a-cab780c7442f', 'd9cfb90b-f225-4590-870b-0fb74dfaf5d5', 'L7894567', 'AB Bank', 500, 'USD', '2026-03-01 00:00:00', '2026-03-31 00:00:00', 'OPEN', 'IMPORT', NULL, '2026-03-01 13:26:29.592', '2026-03-01 13:26:29.592', 1, 'aedaffc2-a141-4439-8095-cdf68dd8fc8b', 'PERCENTAGE', 80, NULL, NULL, NULL, NULL, NULL, NULL, NULL) ON CONFLICT DO NOTHING;


--
-- Data for Name: Loan; Type: TABLE DATA; Schema: public; Owner: -
--



--
-- Data for Name: Notification; Type: TABLE DATA; Schema: public; Owner: -
--

INSERT INTO public."Notification" (id, "companyId", type, severity, title, message, "entityType", "entityId", "isRead", "createdAt") VALUES ('fc142d31-fcf1-450b-98e1-7819352ad906', 'd9cfb90b-f225-4590-870b-0fb74dfaf5d5', 'PENDING_JOURNAL', 'WARNING', 'New Voucher Awaiting Verification', 'Journal JE-2026-0004 has been created and is awaiting verification.', 'JournalEntry', '1c5c8438-e9a1-4339-b555-664614f5ec53', true, '2026-02-26 16:13:11.254') ON CONFLICT DO NOTHING;
INSERT INTO public."Notification" (id, "companyId", type, severity, title, message, "entityType", "entityId", "isRead", "createdAt") VALUES ('bb34ede1-b5fe-446d-8598-2baf95d17e9b', 'd9cfb90b-f225-4590-870b-0fb74dfaf5d5', 'PENDING_JOURNAL', 'WARNING', 'New Voucher Awaiting Verification', 'Journal JE-2026-0001 has been created and is awaiting verification.', 'JournalEntry', 'ce62dca1-cbad-40ec-b287-76c15bb108d3', true, '2026-02-26 16:03:07.814') ON CONFLICT DO NOTHING;
INSERT INTO public."Notification" (id, "companyId", type, severity, title, message, "entityType", "entityId", "isRead", "createdAt") VALUES ('35c6f54b-db01-4dfe-a406-435ad075ebe1', 'd9cfb90b-f225-4590-870b-0fb74dfaf5d5', 'PENDING_JOURNAL', 'WARNING', 'New Voucher Awaiting Verification', 'Journal JE-2026-0002 has been created and is awaiting verification.', 'JournalEntry', '5100beac-d8ef-45f1-8880-2985d725b359', true, '2026-02-26 16:04:51.559') ON CONFLICT DO NOTHING;
INSERT INTO public."Notification" (id, "companyId", type, severity, title, message, "entityType", "entityId", "isRead", "createdAt") VALUES ('fbbfa6af-7121-45c3-b4e8-84de9e2654ca', 'd9cfb90b-f225-4590-870b-0fb74dfaf5d5', 'PENDING_JOURNAL', 'WARNING', 'New Voucher Awaiting Verification', 'Journal JE-2026-0003 has been created and is awaiting verification.', 'JournalEntry', '89686804-defa-4bb2-841e-55e70e6557e7', true, '2026-02-26 16:11:22.919') ON CONFLICT DO NOTHING;
INSERT INTO public."Notification" (id, "companyId", type, severity, title, message, "entityType", "entityId", "isRead", "createdAt") VALUES ('4fa551e4-80d4-41fc-bb7a-33f8ed1c5187', 'd9cfb90b-f225-4590-870b-0fb74dfaf5d5', 'PENDING_JOURNAL', 'WARNING', 'New Voucher Awaiting Verification', 'Journal JE-2026-0005 has been created and is awaiting verification.', 'JournalEntry', 'ee18bdb5-0302-45d4-8060-e6f3976ff08f', false, '2026-03-02 13:33:02.186') ON CONFLICT DO NOTHING;
INSERT INTO public."Notification" (id, "companyId", type, severity, title, message, "entityType", "entityId", "isRead", "createdAt") VALUES ('f51eff24-1824-478c-bee6-2e3c1771276d', '844dfd16-f107-4ba1-aba3-48fde1f78865', 'PENDING_JOURNAL', 'WARNING', 'New Voucher Awaiting Verification', 'Journal JE-2026-0007 has been created and is awaiting verification.', 'JournalEntry', 'bea32549-3fe2-4be4-ba55-256941be20d3', true, '2026-03-07 00:22:01.808') ON CONFLICT DO NOTHING;
INSERT INTO public."Notification" (id, "companyId", type, severity, title, message, "entityType", "entityId", "isRead", "createdAt") VALUES ('4a6c7bd3-08b3-4231-8be7-cc76a06925d1', '844dfd16-f107-4ba1-aba3-48fde1f78865', 'PENDING_JOURNAL', 'WARNING', 'New Voucher Awaiting Verification', 'Journal JE-2026-0006 has been created and is awaiting verification.', 'JournalEntry', '54a0005c-d285-4cd7-88e8-9c9f78983223', true, '2026-03-07 00:16:18.364') ON CONFLICT DO NOTHING;
INSERT INTO public."Notification" (id, "companyId", type, severity, title, message, "entityType", "entityId", "isRead", "createdAt") VALUES ('66e80c2b-a030-42a5-b47b-e7987d4ff040', '844dfd16-f107-4ba1-aba3-48fde1f78865', 'STATUS_CHANGE', 'INFO', 'Approved: PO-2026-0001', 'PurchaseOrder PO-2026-0001 has been fully approved.', 'PurchaseOrder', '685c7fe5-b84c-42e0-baf4-43a2abab37d7', true, '2026-03-07 12:34:58.115') ON CONFLICT DO NOTHING;
INSERT INTO public."Notification" (id, "companyId", type, severity, title, message, "entityType", "entityId", "isRead", "createdAt") VALUES ('eac586f8-3243-40de-a257-41d291573b98', '844dfd16-f107-4ba1-aba3-48fde1f78865', 'PENDING_JOURNAL', 'WARNING', 'New Voucher Awaiting Verification', 'Journal JE-2026-0008 has been created and is awaiting verification.', 'JournalEntry', 'af119a7c-7024-4abd-ac01-506c3888feda', false, '2026-03-07 13:00:59.349') ON CONFLICT DO NOTHING;
INSERT INTO public."Notification" (id, "companyId", type, severity, title, message, "entityType", "entityId", "isRead", "createdAt") VALUES ('4c8699b0-271b-4c53-82e9-14b2cabfb336', '844dfd16-f107-4ba1-aba3-48fde1f78865', 'STATUS_CHANGE', 'INFO', 'Pending Verification: JE-2026-0008', 'JournalEntry JE-2026-0008 has been submitted and is awaiting verification.', 'JournalEntry', 'af119a7c-7024-4abd-ac01-506c3888feda', false, '2026-03-07 13:01:24.064') ON CONFLICT DO NOTHING;
INSERT INTO public."Notification" (id, "companyId", type, severity, title, message, "entityType", "entityId", "isRead", "createdAt") VALUES ('776ac7b2-28c0-4b2e-93b3-e97aab4dc868', '844dfd16-f107-4ba1-aba3-48fde1f78865', 'STATUS_CHANGE', 'INFO', 'Verified: JE-2026-0008', 'JournalEntry JE-2026-0008 has been verified and is awaiting final approval.', 'JournalEntry', 'af119a7c-7024-4abd-ac01-506c3888feda', false, '2026-03-07 13:01:26.73') ON CONFLICT DO NOTHING;
INSERT INTO public."Notification" (id, "companyId", type, severity, title, message, "entityType", "entityId", "isRead", "createdAt") VALUES ('226bac3b-1073-4afb-b05d-b8d8769d46d6', '844dfd16-f107-4ba1-aba3-48fde1f78865', 'STATUS_CHANGE', 'INFO', 'Approved: JE-2026-0008', 'JournalEntry JE-2026-0008 has been fully approved.', 'JournalEntry', 'af119a7c-7024-4abd-ac01-506c3888feda', false, '2026-03-07 13:01:27.904') ON CONFLICT DO NOTHING;
INSERT INTO public."Notification" (id, "companyId", type, severity, title, message, "entityType", "entityId", "isRead", "createdAt") VALUES ('dab8055c-90e7-4f0a-bd60-f89e8703c64c', '844dfd16-f107-4ba1-aba3-48fde1f78865', 'STATUS_CHANGE', 'DANGER', 'Rejected: JE-2026-0008', 'JournalEntry JE-2026-0008 was rejected. Reason: No reason', 'JournalEntry', 'af119a7c-7024-4abd-ac01-506c3888feda', true, '2026-03-07 13:01:20.356') ON CONFLICT DO NOTHING;


--
-- Data for Name: PI; Type: TABLE DATA; Schema: public; Owner: -
--

INSERT INTO public."PI" (id, "piNumber", "lcId", "piDate", amount, currency, status, "createdAt", "updatedAt", "bankAcceptanceDate", "customerId", "idbpNumber", "invoiceNumber", "maturityDate", "purchaseAmount", "purchaseApplicationDate", "submissionToBankDate", "submissionToBuyerDate", "companyId", "exchangeRate", "totalBDT", "vendorId") VALUES ('f93e2c4c-68a3-4dd5-8047-5e0c706c7798', 'A123456', 'ee00a3d1-5682-49f5-9675-a61f05d27015', '2026-03-01 00:00:00', 580, 'USD', 'PAID', '2026-03-01 08:51:25.919', '2026-03-01 13:14:50.593', NULL, 'aedaffc2-a141-4439-8095-cdf68dd8fc8b', '', 'C214563', NULL, NULL, NULL, NULL, NULL, 'd9cfb90b-f225-4590-870b-0fb74dfaf5d5', 1, NULL, NULL) ON CONFLICT DO NOTHING;
INSERT INTO public."PI" (id, "piNumber", "lcId", "piDate", amount, currency, status, "createdAt", "updatedAt", "bankAcceptanceDate", "customerId", "idbpNumber", "invoiceNumber", "maturityDate", "purchaseAmount", "purchaseApplicationDate", "submissionToBankDate", "submissionToBuyerDate", "companyId", "exchangeRate", "totalBDT", "vendorId") VALUES ('ac0e115b-d5d6-4d4c-a578-eb44924a06ae', 'P1235874', '0dea4c86-ff4f-4a76-a698-b3bec7af16f4', '2026-03-01 00:00:00', 1000, 'USD', 'OPEN', '2026-03-01 13:18:35.908', '2026-03-01 13:21:32.447', NULL, 'aedaffc2-a141-4439-8095-cdf68dd8fc8b', '', 'IDB1245782359', NULL, NULL, NULL, NULL, NULL, 'd9cfb90b-f225-4590-870b-0fb74dfaf5d5', 1, NULL, NULL) ON CONFLICT DO NOTHING;
INSERT INTO public."PI" (id, "piNumber", "lcId", "piDate", amount, currency, status, "createdAt", "updatedAt", "bankAcceptanceDate", "customerId", "idbpNumber", "invoiceNumber", "maturityDate", "purchaseAmount", "purchaseApplicationDate", "submissionToBankDate", "submissionToBuyerDate", "companyId", "exchangeRate", "totalBDT", "vendorId") VALUES ('5b9c7928-1d9f-49b0-9683-0b866a6f558f', 'P147852', '78a50cc5-06f7-409e-b00a-cab780c7442f', '2026-03-01 00:00:00', 500, 'USD', 'OPEN', '2026-03-01 13:23:24.975', '2026-03-01 13:26:29.61', NULL, 'aedaffc2-a141-4439-8095-cdf68dd8fc8b', '', 'C1254785', NULL, NULL, NULL, NULL, NULL, 'd9cfb90b-f225-4590-870b-0fb74dfaf5d5', 1, NULL, NULL) ON CONFLICT DO NOTHING;
INSERT INTO public."PI" (id, "piNumber", "lcId", "piDate", amount, currency, status, "createdAt", "updatedAt", "bankAcceptanceDate", "customerId", "idbpNumber", "invoiceNumber", "maturityDate", "purchaseAmount", "purchaseApplicationDate", "submissionToBankDate", "submissionToBuyerDate", "companyId", "exchangeRate", "totalBDT", "vendorId") VALUES ('63ddd21c-f3b1-4a4c-939d-4192889c9186', 'PI12547893', NULL, '2026-03-06 00:00:00', 10, 'USD', 'OPEN', '2026-03-06 23:46:43.793', '2026-03-06 23:46:43.793', NULL, 'bd048d38-c90b-4445-a5bb-ceec07f74c69', NULL, '', NULL, NULL, NULL, NULL, NULL, '844dfd16-f107-4ba1-aba3-48fde1f78865', 123, 1230, NULL) ON CONFLICT DO NOTHING;
INSERT INTO public."PI" (id, "piNumber", "lcId", "piDate", amount, currency, status, "createdAt", "updatedAt", "bankAcceptanceDate", "customerId", "idbpNumber", "invoiceNumber", "maturityDate", "purchaseAmount", "purchaseApplicationDate", "submissionToBankDate", "submissionToBuyerDate", "companyId", "exchangeRate", "totalBDT", "vendorId") VALUES ('323c6586-461b-41a0-a38c-a2a099b6d1bf', 'A124587', NULL, '2026-03-07 00:00:00', 10000, 'USD', 'OPEN', '2026-03-07 10:54:43.635', '2026-03-07 10:54:43.635', NULL, NULL, NULL, '', NULL, NULL, NULL, NULL, NULL, '844dfd16-f107-4ba1-aba3-48fde1f78865', 1, 10000, '2924c20d-9b64-4fe4-8f9b-8de65a197532') ON CONFLICT DO NOTHING;
INSERT INTO public."PI" (id, "piNumber", "lcId", "piDate", amount, currency, status, "createdAt", "updatedAt", "bankAcceptanceDate", "customerId", "idbpNumber", "invoiceNumber", "maturityDate", "purchaseAmount", "purchaseApplicationDate", "submissionToBankDate", "submissionToBuyerDate", "companyId", "exchangeRate", "totalBDT", "vendorId") VALUES ('562cd568-14fb-492a-ac3c-a8eae50a0c72', 'A547852', NULL, '2026-03-07 00:00:00', 550, 'USD', 'OPEN', '2026-03-07 11:45:59.675', '2026-03-07 11:45:59.675', NULL, NULL, NULL, '', NULL, NULL, NULL, NULL, NULL, '844dfd16-f107-4ba1-aba3-48fde1f78865', 1, 550, '2924c20d-9b64-4fe4-8f9b-8de65a197532') ON CONFLICT DO NOTHING;
INSERT INTO public."PI" (id, "piNumber", "lcId", "piDate", amount, currency, status, "createdAt", "updatedAt", "bankAcceptanceDate", "customerId", "idbpNumber", "invoiceNumber", "maturityDate", "purchaseAmount", "purchaseApplicationDate", "submissionToBankDate", "submissionToBuyerDate", "companyId", "exchangeRate", "totalBDT", "vendorId") VALUES ('41be984a-7c32-4904-9934-3f369f637aef', 'PI5487569', NULL, '2026-03-07 00:00:00', 2500, 'USD', 'OPEN', '2026-03-07 12:44:23.462', '2026-03-07 12:44:23.462', NULL, NULL, NULL, '', NULL, NULL, NULL, NULL, NULL, '844dfd16-f107-4ba1-aba3-48fde1f78865', 1, 2500, '2924c20d-9b64-4fe4-8f9b-8de65a197532') ON CONFLICT DO NOTHING;


--
-- Data for Name: PILine; Type: TABLE DATA; Schema: public; Owner: -
--

INSERT INTO public."PILine" (id, "piId", "productId", description, quantity, "unitPrice", total) VALUES ('67ced12d-b261-4bf0-becf-42424d42b723', '63ddd21c-f3b1-4a4c-939d-4192889c9186', '03137186-a6d2-4f3b-8ca6-623a7d05ab73', 'Paper', 1, 10, 10) ON CONFLICT DO NOTHING;


--
-- Data for Name: Payment; Type: TABLE DATA; Schema: public; Owner: -
--

INSERT INTO public."Payment" (id, "paymentNumber", "companyId", date, amount, currency, method, reference, description, status, "invoiceId", "billId", "accountId", "createdAt", "updatedAt", "lcId") VALUES ('4319fe03-e40a-4899-a3aa-2fd23a7a440a', 'PAY-1772370890509', 'd9cfb90b-f225-4590-870b-0fb74dfaf5d5', '2026-03-01 00:00:00', 1000, 'BDT', 'BANK', '', '', 'APPROVED', NULL, NULL, '4f54de14-e2eb-4184-a539-4433213fddc2', '2026-03-01 13:14:50.515', '2026-03-01 13:14:50.515', 'ee00a3d1-5682-49f5-9675-a61f05d27015') ON CONFLICT DO NOTHING;


--
-- Data for Name: PaymentPI; Type: TABLE DATA; Schema: public; Owner: -
--

INSERT INTO public."PaymentPI" (id, "paymentId", "piId", "allocatedAmount") VALUES ('38757837-28c9-4ffe-91ae-950a5ce734ff', '4319fe03-e40a-4899-a3aa-2fd23a7a440a', 'f93e2c4c-68a3-4dd5-8047-5e0c706c7798', 1000) ON CONFLICT DO NOTHING;


--
-- Data for Name: PurchaseOrder; Type: TABLE DATA; Schema: public; Owner: -
--

INSERT INTO public."PurchaseOrder" (id, "poNumber", "companyId", "supplierId", "lcId", "poDate", "expectedDeliveryDate", currency, "exchangeRate", "totalForeign", "totalBDT", status, "createdById", "approvedById", "createdAt", "updatedAt") VALUES ('685c7fe5-b84c-42e0-baf4-43a2abab37d7', 'PO-2026-0001', '844dfd16-f107-4ba1-aba3-48fde1f78865', '2924c20d-9b64-4fe4-8f9b-8de65a197532', NULL, '2026-03-06 00:00:00', NULL, 'BDT', 1, 200, 200, 'APPROVED', '966eaf0b-cf21-48d6-8f6f-e47ead08abbe', NULL, '2026-03-06 23:39:55.517', '2026-03-07 12:34:57.914') ON CONFLICT DO NOTHING;


--
-- Data for Name: PurchaseOrderLine; Type: TABLE DATA; Schema: public; Owner: -
--



--
-- Data for Name: Role; Type: TABLE DATA; Schema: public; Owner: -
--

INSERT INTO public."Role" (id, name, description, "isSystem", "isActive", "createdAt", "updatedAt") VALUES ('2baa9abd-26df-47fc-8d02-4057fa3a9958', 'Admin', 'System Administrator', true, true, '2026-02-25 18:56:35.151', '2026-02-25 18:56:35.151') ON CONFLICT DO NOTHING;
INSERT INTO public."Role" (id, name, description, "isSystem", "isActive", "createdAt", "updatedAt") VALUES ('b97c2eef-3463-485e-b527-88fb66424708', 'Owner', 'Company Owner', true, true, '2026-02-25 18:56:35.212', '2026-02-25 18:56:35.212') ON CONFLICT DO NOTHING;
INSERT INTO public."Role" (id, name, description, "isSystem", "isActive", "createdAt", "updatedAt") VALUES ('67ec1c6e-e190-4eb4-8922-a7f9a6bc3274', 'Manager', 'Manager - can verify', true, true, '2026-02-25 18:56:35.214', '2026-02-25 18:56:35.214') ON CONFLICT DO NOTHING;
INSERT INTO public."Role" (id, name, description, "isSystem", "isActive", "createdAt", "updatedAt") VALUES ('c6a77d45-de0c-4d97-a80a-21b0bdfe78b1', 'Accountant', 'Accountant - can create entries', true, true, '2026-02-25 18:56:35.217', '2026-02-25 18:56:35.217') ON CONFLICT DO NOTHING;
INSERT INTO public."Role" (id, name, description, "isSystem", "isActive", "createdAt", "updatedAt") VALUES ('b03a1041-bdc5-4c14-b8b2-93e6978b3baf', 'User', 'Basic user', true, true, '2026-02-25 18:56:35.218', '2026-02-25 18:56:35.218') ON CONFLICT DO NOTHING;
INSERT INTO public."Role" (id, name, description, "isSystem", "isActive", "createdAt", "updatedAt") VALUES ('25875250-1023-42f8-9d18-a67fb8f02982', 'DataEntryOperator', 'DataEntryOperator role for GAC', false, true, '2026-02-26 15:59:56.57', '2026-02-26 15:59:56.57') ON CONFLICT DO NOTHING;


--
-- Data for Name: UserCompany; Type: TABLE DATA; Schema: public; Owner: -
--

INSERT INTO public."UserCompany" (id, "userId", "companyId", "isDefault", "canDeleteCompany", "canEditCompany", "canManageOwners", "capitalAccountCode", "currentCapitalBalance", din, "drawingAccountCode", "fatherMotherName", "isMainOwner", "joiningDate", mobile, "nidPassport", "openingCapital", "ownershipPercentage", "ownershipType", "permanentAddress", tin, "tinCertificateUrl") VALUES ('f4bcb362-8694-49a4-9891-0bb743cd3881', 'eb4628f2-df31-4276-82b0-7cdc9e7065ea', 'd9cfb90b-f225-4590-870b-0fb74dfaf5d5', true, true, true, true, NULL, 0, NULL, NULL, NULL, true, NULL, NULL, NULL, 0, 100, NULL, NULL, NULL, NULL) ON CONFLICT DO NOTHING;
INSERT INTO public."UserCompany" (id, "userId", "companyId", "isDefault", "canDeleteCompany", "canEditCompany", "canManageOwners", "capitalAccountCode", "currentCapitalBalance", din, "drawingAccountCode", "fatherMotherName", "isMainOwner", "joiningDate", mobile, "nidPassport", "openingCapital", "ownershipPercentage", "ownershipType", "permanentAddress", tin, "tinCertificateUrl") VALUES ('9ec1ce0e-7d44-4388-899c-2f3482dbee03', '092f49c5-7c94-4fd5-b79e-168f47221fbe', 'd9cfb90b-f225-4590-870b-0fb74dfaf5d5', true, false, false, false, NULL, 0, NULL, NULL, NULL, false, NULL, NULL, NULL, 0, 0, NULL, NULL, NULL, NULL) ON CONFLICT DO NOTHING;
INSERT INTO public."UserCompany" (id, "userId", "companyId", "isDefault", "canDeleteCompany", "canEditCompany", "canManageOwners", "capitalAccountCode", "currentCapitalBalance", din, "drawingAccountCode", "fatherMotherName", "isMainOwner", "joiningDate", mobile, "nidPassport", "openingCapital", "ownershipPercentage", "ownershipType", "permanentAddress", tin, "tinCertificateUrl") VALUES ('a6b4b381-4282-4881-8f3e-2103766b8b69', '778a03a6-cb17-472f-a21b-63c262b9759a', 'd9cfb90b-f225-4590-870b-0fb74dfaf5d5', true, false, false, false, NULL, 0, NULL, NULL, NULL, false, NULL, NULL, NULL, 0, 0, NULL, NULL, NULL, NULL) ON CONFLICT DO NOTHING;
INSERT INTO public."UserCompany" (id, "userId", "companyId", "isDefault", "canDeleteCompany", "canEditCompany", "canManageOwners", "capitalAccountCode", "currentCapitalBalance", din, "drawingAccountCode", "fatherMotherName", "isMainOwner", "joiningDate", mobile, "nidPassport", "openingCapital", "ownershipPercentage", "ownershipType", "permanentAddress", tin, "tinCertificateUrl") VALUES ('66dd8e0a-b594-42bd-971d-a5b725d735e5', '966eaf0b-cf21-48d6-8f6f-e47ead08abbe', '844dfd16-f107-4ba1-aba3-48fde1f78865', true, true, true, true, NULL, 0, NULL, NULL, NULL, true, NULL, NULL, NULL, 0, 100, NULL, NULL, NULL, NULL) ON CONFLICT DO NOTHING;


--
-- Data for Name: UserPermission; Type: TABLE DATA; Schema: public; Owner: -
--



--
-- Data for Name: UserRole; Type: TABLE DATA; Schema: public; Owner: -
--

INSERT INTO public."UserRole" (id, "userId", "roleId") VALUES ('a9bd2e62-f28e-4285-b1e8-442bdf7e335c', '7b4ced25-5849-41b0-addd-ba7565257ce4', '2baa9abd-26df-47fc-8d02-4057fa3a9958') ON CONFLICT DO NOTHING;
INSERT INTO public."UserRole" (id, "userId", "roleId") VALUES ('41c7731c-b055-4bd0-a40c-e98978c23a07', 'eb4628f2-df31-4276-82b0-7cdc9e7065ea', 'b97c2eef-3463-485e-b527-88fb66424708') ON CONFLICT DO NOTHING;
INSERT INTO public."UserRole" (id, "userId", "roleId") VALUES ('63944f17-1ef6-4bfd-bbba-b1299b797d97', '966eaf0b-cf21-48d6-8f6f-e47ead08abbe', 'b97c2eef-3463-485e-b527-88fb66424708') ON CONFLICT DO NOTHING;
INSERT INTO public."UserRole" (id, "userId", "roleId") VALUES ('2e24502c-1a4f-4b78-90c3-e2f698798e5c', '092f49c5-7c94-4fd5-b79e-168f47221fbe', '67ec1c6e-e190-4eb4-8922-a7f9a6bc3274') ON CONFLICT DO NOTHING;
INSERT INTO public."UserRole" (id, "userId", "roleId") VALUES ('cc34dde0-192e-4633-a0bd-44bdbaaf50cc', '778a03a6-cb17-472f-a21b-63c262b9759a', 'c6a77d45-de0c-4d97-a80a-21b0bdfe78b1') ON CONFLICT DO NOTHING;


--
--



--
-- PostgreSQL database dump complete
--


